saleDateID;Day;saleWeek;saleMonth;saleQuarter;saleYear;fiscalWeek;fiscalMonth;fiscalQuarter;fiscalYear
1;01/01/2004;1;1;1;2005;40;10;4;2004
2;02/01/2004;2;1;1;2005;40;10;4;2004
3;03/01/2004;2;1;1;2005;41;10;4;2004
4;04/01/2004;2;1;1;2005;41;10;4;2004
5;05/01/2004;2;1;1;2005;41;10;4;2004
6;06/01/2004;2;1;1;2005;41;10;4;2004
7;07/01/2004;2;1;1;2005;41;10;4;2004
8;08/01/2004;2;1;1;2005;41;10;4;2004
9;09/01/2004;3;1;1;2005;41;10;4;2004
10;10/01/2004;3;1;1;2005;42;10;4;2004
11;11/01/2004;3;1;1;2005;42;10;4;2004
12;12/01/2004;3;1;1;2005;42;10;4;2004
13;13/01/2004;3;1;1;2005;42;10;4;2004
14;14/01/2004;3;1;1;2005;42;10;4;2004
15;15/01/2004;3;1;1;2005;42;10;4;2004
16;16/01/2004;4;1;1;2005;42;10;4;2004
17;17/01/2004;4;1;1;2005;43;10;4;2004
18;18/01/2004;4;1;1;2005;43;10;4;2004
19;19/01/2004;4;1;1;2005;43;10;4;2004
20;20/01/2004;4;1;1;2005;43;10;4;2004
21;21/01/2004;4;1;1;2005;43;10;4;2004
22;22/01/2004;4;1;1;2005;43;10;4;2004
23;23/01/2004;5;1;1;2005;43;10;4;2004
24;24/01/2004;5;1;1;2005;44;10;4;2004
25;25/01/2004;5;1;1;2005;44;10;4;2004
26;26/01/2004;5;1;1;2005;44;10;4;2004
27;27/01/2004;5;1;1;2005;44;10;4;2004
28;28/01/2004;5;1;1;2005;44;10;4;2004
29;29/01/2004;5;1;1;2005;44;10;4;2004
30;30/01/2004;6;1;1;2005;44;10;4;2004
31;31/01/2004;6;1;1;2005;45;10;4;2004
32;01/02/2004;6;2;1;2005;45;11;4;2004
33;02/02/2004;6;2;1;2005;45;11;4;2004
34;03/02/2004;6;2;1;2005;45;11;4;2004
35;04/02/2004;6;2;1;2005;45;11;4;2004
36;05/02/2004;6;2;1;2005;45;11;4;2004
37;06/02/2004;7;2;1;2005;45;11;4;2004
38;07/02/2004;7;2;1;2005;46;11;4;2004
39;08/02/2004;7;2;1;2005;46;11;4;2004
40;09/02/2004;7;2;1;2005;46;11;4;2004
41;10/02/2004;7;2;1;2005;46;11;4;2004
42;11/02/2004;7;2;1;2005;46;11;4;2004
43;12/02/2004;7;2;1;2005;46;11;4;2004
44;13/02/2004;8;2;1;2005;46;11;4;2004
45;14/02/2004;8;2;1;2005;47;11;4;2004
46;15/02/2004;8;2;1;2005;47;11;4;2004
47;16/02/2004;8;2;1;2005;47;11;4;2004
48;17/02/2004;8;2;1;2005;47;11;4;2004
49;18/02/2004;8;2;1;2005;47;11;4;2004
50;19/02/2004;8;2;1;2005;47;11;4;2004
51;20/02/2004;9;2;1;2005;47;11;4;2004
52;21/02/2004;9;2;1;2005;48;11;4;2004
53;22/02/2004;9;2;1;2005;48;11;4;2004
54;23/02/2004;9;2;1;2005;48;11;4;2004
55;24/02/2004;9;2;1;2005;48;11;4;2004
56;25/02/2004;9;2;1;2005;48;11;4;2004
57;26/02/2004;9;2;1;2005;48;11;4;2004
58;27/02/2004;10;2;1;2005;48;11;4;2004
59;28/02/2004;10;2;1;2005;49;11;4;2004
60;29/02/2004;10;3;1;2005;49;11;4;2004
61;01/03/2004;10;3;1;2005;49;11;4;2004
62;02/03/2004;10;3;1;2005;49;12;4;2004
63;03/03/2004;10;3;1;2005;49;12;4;2004
64;04/03/2004;10;3;1;2005;49;12;4;2004
65;05/03/2004;11;3;1;2005;49;12;4;2004
66;06/03/2004;11;3;1;2005;50;12;4;2004
67;07/03/2004;11;3;1;2005;50;12;4;2004
68;08/03/2004;11;3;1;2005;50;12;4;2004
69;09/03/2004;11;3;1;2005;50;12;4;2004
70;10/03/2004;11;3;1;2005;50;12;4;2004
71;11/03/2004;11;3;1;2005;50;12;4;2004
72;12/03/2004;12;3;1;2005;50;12;4;2004
73;13/03/2004;12;3;1;2005;51;12;4;2004
74;14/03/2004;12;3;1;2005;51;12;4;2004
75;15/03/2004;12;3;1;2005;51;12;4;2004
76;16/03/2004;12;3;1;2005;51;12;4;2004
77;17/03/2004;12;3;1;2005;51;12;4;2004
78;18/03/2004;12;3;1;2005;51;12;4;2004
79;19/03/2004;13;3;1;2005;51;12;4;2004
80;20/03/2004;13;3;1;2005;52;12;4;2004
81;21/03/2004;13;3;1;2005;52;12;4;2004
82;22/03/2004;13;3;1;2005;52;12;4;2004
83;23/03/2004;13;3;1;2005;52;12;4;2004
84;24/03/2004;13;3;1;2005;52;12;4;2004
85;25/03/2004;13;3;1;2005;52;12;4;2004
86;26/03/2004;14;3;1;2005;52;12;4;2004
87;27/03/2004;14;3;1;2005;53;12;4;2004
88;28/03/2004;14;3;1;2005;53;12;4;2004
89;29/03/2004;14;3;1;2005;53;12;4;2004
90;30/03/2004;14;3;1;2005;53;12;4;2004
91;31/03/2004;14;4;2;2005;53;12;4;2004
92;01/04/2004;14;4;2;2005;53;12;4;2004
93;02/04/2004;15;4;2;2005;1;1;1;2005
94;03/04/2004;15;4;2;2005;2;1;1;2005
95;04/04/2004;15;4;2;2005;2;1;1;2005
96;05/04/2004;15;4;2;2005;2;1;1;2005
97;06/04/2004;15;4;2;2005;2;1;1;2005
98;07/04/2004;15;4;2;2005;2;1;1;2005
99;08/04/2004;15;4;2;2005;2;1;1;2005
100;09/04/2004;16;4;2;2005;2;1;1;2005
101;10/04/2004;16;4;2;2005;3;1;1;2005
102;11/04/2004;16;4;2;2005;3;1;1;2005
103;12/04/2004;16;4;2;2005;3;1;1;2005
104;13/04/2004;16;4;2;2005;3;1;1;2005
105;14/04/2004;16;4;2;2005;3;1;1;2005
106;15/04/2004;16;4;2;2005;3;1;1;2005
107;16/04/2004;17;4;2;2005;3;1;1;2005
108;17/04/2004;17;4;2;2005;4;1;1;2005
109;18/04/2004;17;4;2;2005;4;1;1;2005
110;19/04/2004;17;4;2;2005;4;1;1;2005
111;20/04/2004;17;4;2;2005;4;1;1;2005
112;21/04/2004;17;4;2;2005;4;1;1;2005
113;22/04/2004;17;4;2;2005;4;1;1;2005
114;23/04/2004;18;4;2;2005;4;1;1;2005
115;24/04/2004;18;4;2;2005;5;1;1;2005
116;25/04/2004;18;4;2;2005;5;1;1;2005
117;26/04/2004;18;4;2;2005;5;1;1;2005
118;27/04/2004;18;4;2;2005;5;1;1;2005
119;28/04/2004;18;4;2;2005;5;1;1;2005
120;29/04/2004;18;4;2;2005;5;1;1;2005
121;30/04/2004;19;5;2;2005;5;1;1;2005
122;01/05/2004;19;5;2;2005;6;1;1;2005
123;02/05/2004;19;5;2;2005;6;1;1;2005
124;03/05/2004;19;5;2;2005;6;2;1;2005
125;04/05/2004;19;5;2;2005;6;2;1;2005
126;05/05/2004;19;5;2;2005;6;2;1;2005
127;06/05/2004;19;5;2;2005;6;2;1;2005
128;07/05/2004;20;5;2;2005;6;2;1;2005
129;08/05/2004;20;5;2;2005;7;2;1;2005
130;09/05/2004;20;5;2;2005;7;2;1;2005
131;10/05/2004;20;5;2;2005;7;2;1;2005
132;11/05/2004;20;5;2;2005;7;2;1;2005
133;12/05/2004;20;5;2;2005;7;2;1;2005
134;13/05/2004;20;5;2;2005;7;2;1;2005
135;14/05/2004;21;5;2;2005;7;2;1;2005
136;15/05/2004;21;5;2;2005;8;2;1;2005
137;16/05/2004;21;5;2;2005;8;2;1;2005
138;17/05/2004;21;5;2;2005;8;2;1;2005
139;18/05/2004;21;5;2;2005;8;2;1;2005
140;19/05/2004;21;5;2;2005;8;2;1;2005
141;20/05/2004;21;5;2;2005;8;2;1;2005
142;21/05/2004;22;5;2;2005;8;2;1;2005
143;22/05/2004;22;5;2;2005;9;2;1;2005
144;23/05/2004;22;5;2;2005;9;2;1;2005
145;24/05/2004;22;5;2;2005;9;2;1;2005
146;25/05/2004;22;5;2;2005;9;2;1;2005
147;26/05/2004;22;5;2;2005;9;2;1;2005
148;27/05/2004;22;5;2;2005;9;2;1;2005
149;28/05/2004;23;5;2;2005;9;2;1;2005
150;29/05/2004;23;5;2;2005;10;2;1;2005
151;30/05/2004;23;5;2;2005;10;2;1;2005
152;31/05/2004;23;6;2;2005;10;3;1;2005
153;01/06/2004;23;6;2;2005;10;3;1;2005
154;02/06/2004;23;6;2;2005;10;3;1;2005
155;03/06/2004;23;6;2;2005;10;3;1;2005
156;04/06/2004;24;6;2;2005;10;3;1;2005
157;05/06/2004;24;6;2;2005;11;3;1;2005
158;06/06/2004;24;6;2;2005;11;3;1;2005
159;07/06/2004;24;6;2;2005;11;3;1;2005
160;08/06/2004;24;6;2;2005;11;3;1;2005
161;09/06/2004;24;6;2;2005;11;3;1;2005
162;10/06/2004;24;6;2;2005;11;3;1;2005
163;11/06/2004;25;6;2;2005;11;3;1;2005
164;12/06/2004;25;6;2;2005;12;3;1;2005
165;13/06/2004;25;6;2;2005;12;3;1;2005
166;14/06/2004;25;6;2;2005;12;3;1;2005
167;15/06/2004;25;6;2;2005;12;3;1;2005
168;16/06/2004;25;6;2;2005;12;3;1;2005
169;17/06/2004;25;6;2;2005;12;3;1;2005
170;18/06/2004;26;6;2;2005;12;3;1;2005
171;19/06/2004;26;6;2;2005;13;3;1;2005
172;20/06/2004;26;6;2;2005;13;3;1;2005
173;21/06/2004;26;6;2;2005;13;3;1;2005
174;22/06/2004;26;6;2;2005;13;3;1;2005
175;23/06/2004;26;6;2;2005;13;3;1;2005
176;24/06/2004;26;6;2;2005;13;3;1;2005
177;25/06/2004;27;6;2;2005;13;3;1;2005
178;26/06/2004;27;6;2;2005;14;3;1;2005
179;27/06/2004;27;6;2;2005;14;3;1;2005
180;28/06/2004;27;6;2;2005;14;3;1;2005
181;29/06/2004;27;6;2;2005;14;3;1;2005
182;30/06/2004;27;7;3;2005;14;3;1;2005
183;01/07/2004;27;7;3;2005;14;4;2;2005
184;02/07/2004;28;7;3;2005;14;4;2;2005
185;03/07/2004;28;7;3;2005;15;4;2;2005
186;04/07/2004;28;7;3;2005;15;4;2;2005
187;05/07/2004;28;7;3;2005;15;4;2;2005
188;06/07/2004;28;7;3;2005;15;4;2;2005
189;07/07/2004;28;7;3;2005;15;4;2;2005
190;08/07/2004;28;7;3;2005;15;4;2;2005
191;09/07/2004;29;7;3;2005;15;4;2;2005
192;10/07/2004;29;7;3;2005;16;4;2;2005
193;11/07/2004;29;7;3;2005;16;4;2;2005
194;12/07/2004;29;7;3;2005;16;4;2;2005
195;13/07/2004;29;7;3;2005;16;4;2;2005
196;14/07/2004;29;7;3;2005;16;4;2;2005
197;15/07/2004;29;7;3;2005;16;4;2;2005
198;16/07/2004;30;7;3;2005;16;4;2;2005
199;17/07/2004;30;7;3;2005;17;4;2;2005
200;18/07/2004;30;7;3;2005;17;4;2;2005
201;19/07/2004;30;7;3;2005;17;4;2;2005
202;20/07/2004;30;7;3;2005;17;4;2;2005
203;21/07/2004;30;7;3;2005;17;4;2;2005
204;22/07/2004;30;7;3;2005;17;4;2;2005
205;23/07/2004;31;7;3;2005;17;4;2;2005
206;24/07/2004;31;7;3;2005;18;4;2;2005
207;25/07/2004;31;7;3;2005;18;4;2;2005
208;26/07/2004;31;7;3;2005;18;4;2;2005
209;27/07/2004;31;7;3;2005;18;4;2;2005
210;28/07/2004;31;7;3;2005;18;4;2;2005
211;29/07/2004;31;7;3;2005;18;4;2;2005
212;30/07/2004;32;7;3;2005;18;4;2;2005
213;31/07/2004;32;8;3;2005;19;5;2;2005
214;01/08/2004;32;8;3;2005;19;5;2;2005
215;02/08/2004;32;8;3;2005;19;5;2;2005
216;03/08/2004;32;8;3;2005;19;5;2;2005
217;04/08/2004;32;8;3;2005;19;5;2;2005
218;05/08/2004;32;8;3;2005;19;5;2;2005
219;06/08/2004;33;8;3;2005;19;5;2;2005
220;07/08/2004;33;8;3;2005;20;5;2;2005
221;08/08/2004;33;8;3;2005;20;5;2;2005
222;09/08/2004;33;8;3;2005;20;5;2;2005
223;10/08/2004;33;8;3;2005;20;5;2;2005
224;11/08/2004;33;8;3;2005;20;5;2;2005
225;12/08/2004;33;8;3;2005;20;5;2;2005
226;13/08/2004;34;8;3;2005;20;5;2;2005
227;14/08/2004;34;8;3;2005;21;5;2;2005
228;15/08/2004;34;8;3;2005;21;5;2;2005
229;16/08/2004;34;8;3;2005;21;5;2;2005
230;17/08/2004;34;8;3;2005;21;5;2;2005
231;18/08/2004;34;8;3;2005;21;5;2;2005
232;19/08/2004;34;8;3;2005;21;5;2;2005
233;20/08/2004;35;8;3;2005;21;5;2;2005
234;21/08/2004;35;8;3;2005;22;5;2;2005
235;22/08/2004;35;8;3;2005;22;5;2;2005
236;23/08/2004;35;8;3;2005;22;5;2;2005
237;24/08/2004;35;8;3;2005;22;5;2;2005
238;25/08/2004;35;8;3;2005;22;5;2;2005
239;26/08/2004;35;8;3;2005;22;5;2;2005
240;27/08/2004;36;8;3;2005;22;5;2;2005
241;28/08/2004;36;8;3;2005;23;5;2;2005
242;29/08/2004;36;8;3;2005;23;5;2;2005
243;30/08/2004;36;8;3;2005;23;5;2;2005
244;31/08/2004;36;9;3;2005;23;6;2;2005
245;01/09/2004;36;9;3;2005;23;6;2;2005
246;02/09/2004;36;9;3;2005;23;6;2;2005
247;03/09/2004;37;9;3;2005;23;6;2;2005
248;04/09/2004;37;9;3;2005;24;6;2;2005
249;05/09/2004;37;9;3;2005;24;6;2;2005
250;06/09/2004;37;9;3;2005;24;6;2;2005
251;07/09/2004;37;9;3;2005;24;6;2;2005
252;08/09/2004;37;9;3;2005;24;6;2;2005
253;09/09/2004;37;9;3;2005;24;6;2;2005
254;10/09/2004;38;9;3;2005;24;6;2;2005
255;11/09/2004;38;9;3;2005;25;6;2;2005
256;12/09/2004;38;9;3;2005;25;6;2;2005
257;13/09/2004;38;9;3;2005;25;6;2;2005
258;14/09/2004;38;9;3;2005;25;6;2;2005
259;15/09/2004;38;9;3;2005;25;6;2;2005
260;16/09/2004;38;9;3;2005;25;6;2;2005
261;17/09/2004;39;9;3;2005;25;6;2;2005
262;18/09/2004;39;9;3;2005;26;6;2;2005
263;19/09/2004;39;9;3;2005;26;6;2;2005
264;20/09/2004;39;9;3;2005;26;6;2;2005
265;21/09/2004;39;9;3;2005;26;6;2;2005
266;22/09/2004;39;9;3;2005;26;6;2;2005
267;23/09/2004;39;9;3;2005;26;6;2;2005
268;24/09/2004;40;9;3;2005;26;6;2;2005
269;25/09/2004;40;9;3;2005;27;6;2;2005
270;26/09/2004;40;9;3;2005;27;6;2;2005
271;27/09/2004;40;9;3;2005;27;6;2;2005
272;28/09/2004;40;9;3;2005;27;6;2;2005
273;29/09/2004;40;9;3;2005;27;6;2;2005
274;30/09/2004;40;10;4;2005;27;7;3;2005
275;01/10/2004;41;10;4;2005;27;7;3;2005
276;02/10/2004;41;10;4;2005;28;7;3;2005
277;03/10/2004;41;10;4;2005;28;7;3;2005
278;04/10/2004;41;10;4;2005;28;7;3;2005
279;05/10/2004;41;10;4;2005;28;7;3;2005
280;06/10/2004;41;10;4;2005;28;7;3;2005
281;07/10/2004;41;10;4;2005;28;7;3;2005
282;08/10/2004;42;10;4;2005;28;7;3;2005
283;09/10/2004;42;10;4;2005;29;7;3;2005
284;10/10/2004;42;10;4;2005;29;7;3;2005
285;11/10/2004;42;10;4;2005;29;7;3;2005
286;12/10/2004;42;10;4;2005;29;7;3;2005
287;13/10/2004;42;10;4;2005;29;7;3;2005
288;14/10/2004;42;10;4;2005;29;7;3;2005
289;15/10/2004;43;10;4;2005;29;7;3;2005
290;16/10/2004;43;10;4;2005;30;7;3;2005
291;17/10/2004;43;10;4;2005;30;7;3;2005
292;18/10/2004;43;10;4;2005;30;7;3;2005
293;19/10/2004;43;10;4;2005;30;7;3;2005
294;20/10/2004;43;10;4;2005;30;7;3;2005
295;21/10/2004;43;10;4;2005;30;7;3;2005
296;22/10/2004;44;10;4;2005;30;7;3;2005
297;23/10/2004;44;10;4;2005;31;7;3;2005
298;24/10/2004;44;10;4;2005;31;7;3;2005
299;25/10/2004;44;10;4;2005;31;7;3;2005
300;26/10/2004;44;10;4;2005;31;7;3;2005
301;27/10/2004;44;10;4;2005;31;7;3;2005
302;28/10/2004;44;10;4;2005;31;7;3;2005
303;29/10/2004;45;10;4;2005;31;7;3;2005
304;30/10/2004;45;10;4;2005;32;7;3;2005
305;31/10/2004;45;11;4;2005;32;8;3;2005
306;01/11/2004;45;11;4;2005;32;8;3;2005
307;02/11/2004;45;11;4;2005;32;8;3;2005
308;03/11/2004;45;11;4;2005;32;8;3;2005
309;04/11/2004;45;11;4;2005;32;8;3;2005
310;05/11/2004;46;11;4;2005;32;8;3;2005
311;06/11/2004;46;11;4;2005;33;8;3;2005
312;07/11/2004;46;11;4;2005;33;8;3;2005
313;08/11/2004;46;11;4;2005;33;8;3;2005
314;09/11/2004;46;11;4;2005;33;8;3;2005
315;10/11/2004;46;11;4;2005;33;8;3;2005
316;11/11/2004;46;11;4;2005;33;8;3;2005
317;12/11/2004;47;11;4;2005;33;8;3;2005
318;13/11/2004;47;11;4;2005;34;8;3;2005
319;14/11/2004;47;11;4;2005;34;8;3;2005
320;15/11/2004;47;11;4;2005;34;8;3;2005
321;16/11/2004;47;11;4;2005;34;8;3;2005
322;17/11/2004;47;11;4;2005;34;8;3;2005
323;18/11/2004;47;11;4;2005;34;8;3;2005
324;19/11/2004;48;11;4;2005;34;8;3;2005
325;20/11/2004;48;11;4;2005;35;8;3;2005
326;21/11/2004;48;11;4;2005;35;8;3;2005
327;22/11/2004;48;11;4;2005;35;8;3;2005
328;23/11/2004;48;11;4;2005;35;8;3;2005
329;24/11/2004;48;11;4;2005;35;8;3;2005
330;25/11/2004;48;11;4;2005;35;8;3;2005
331;26/11/2004;49;11;4;2005;35;8;3;2005
332;27/11/2004;49;11;4;2005;36;8;3;2005
333;28/11/2004;49;11;4;2005;36;8;3;2005
334;29/11/2004;49;11;4;2005;36;8;3;2005
335;30/11/2004;49;12;4;2005;36;8;3;2005
336;01/12/2004;49;12;4;2005;36;9;3;2005
337;02/12/2004;49;12;4;2005;36;9;3;2005
338;03/12/2004;50;12;4;2005;36;9;3;2005
339;04/12/2004;50;12;4;2005;37;9;3;2005
340;05/12/2004;50;12;4;2005;37;9;3;2005
341;06/12/2004;50;12;4;2005;37;9;3;2005
342;07/12/2004;50;12;4;2005;37;9;3;2005
343;08/12/2004;50;12;4;2005;37;9;3;2005
344;09/12/2004;50;12;4;2005;37;9;3;2005
345;10/12/2004;51;12;4;2005;37;9;3;2005
346;11/12/2004;51;12;4;2005;38;9;3;2005
347;12/12/2004;51;12;4;2005;38;9;3;2005
348;13/12/2004;51;12;4;2005;38;9;3;2005
349;14/12/2004;51;12;4;2005;38;9;3;2005
350;15/12/2004;51;12;4;2005;38;9;3;2005
351;16/12/2004;51;12;4;2005;38;9;3;2005
352;17/12/2004;52;12;4;2005;38;9;3;2005
353;18/12/2004;52;12;4;2005;39;9;3;2005
354;19/12/2004;52;12;4;2005;39;9;3;2005
355;20/12/2004;52;12;4;2005;39;9;3;2005
356;21/12/2004;52;12;4;2005;39;9;3;2005
357;22/12/2004;52;12;4;2005;39;9;3;2005
358;23/12/2004;52;12;4;2005;39;9;3;2005
359;24/12/2004;53;12;4;2005;39;9;3;2005
360;25/12/2004;53;12;4;2005;40;9;3;2005
361;26/12/2004;53;12;4;2005;40;9;3;2005
362;27/12/2004;53;12;4;2005;40;9;3;2005
363;28/12/2004;53;12;4;2005;40;9;3;2005
364;29/12/2004;53;12;4;2005;40;9;3;2005
365;30/12/2004;53;12;4;2005;40;9;3;2005
366;31/12/2004;1;1;1;2006;40;10;4;2005
367;01/01/2005;1;1;1;2006;41;10;4;2005
368;02/01/2005;1;1;1;2006;41;10;4;2005
369;03/01/2005;1;1;1;2006;41;10;4;2005
370;04/01/2005;1;1;1;2006;41;10;4;2005
371;05/01/2005;1;1;1;2006;41;10;4;2005
372;06/01/2005;1;1;1;2006;41;10;4;2005
373;07/01/2005;2;1;1;2006;41;10;4;2005
374;08/01/2005;2;1;1;2006;42;10;4;2005
375;09/01/2005;2;1;1;2006;42;10;4;2005
376;10/01/2005;2;1;1;2006;42;10;4;2005
377;11/01/2005;2;1;1;2006;42;10;4;2005
378;12/01/2005;2;1;1;2006;42;10;4;2005
379;13/01/2005;2;1;1;2006;42;10;4;2005
380;14/01/2005;3;1;1;2006;42;10;4;2005
381;15/01/2005;3;1;1;2006;43;10;4;2005
382;16/01/2005;3;1;1;2006;43;10;4;2005
383;17/01/2005;3;1;1;2006;43;10;4;2005
384;18/01/2005;3;1;1;2006;43;10;4;2005
385;19/01/2005;3;1;1;2006;43;10;4;2005
386;20/01/2005;3;1;1;2006;43;10;4;2005
387;21/01/2005;4;1;1;2006;43;10;4;2005
388;22/01/2005;4;1;1;2006;44;10;4;2005
389;23/01/2005;4;1;1;2006;44;10;4;2005
390;24/01/2005;4;1;1;2006;44;10;4;2005
391;25/01/2005;4;1;1;2006;44;10;4;2005
392;26/01/2005;4;1;1;2006;44;10;4;2005
393;27/01/2005;4;1;1;2006;44;10;4;2005
394;28/01/2005;5;1;1;2006;44;10;4;2005
395;29/01/2005;5;1;1;2006;45;10;4;2005
396;30/01/2005;5;1;1;2006;45;10;4;2005
397;31/01/2005;5;2;1;2006;45;11;4;2005
398;01/02/2005;5;2;1;2006;45;11;4;2005
399;02/02/2005;5;2;1;2006;45;11;4;2005
400;03/02/2005;5;2;1;2006;45;11;4;2005
401;04/02/2005;6;2;1;2006;45;11;4;2005
402;05/02/2005;6;2;1;2006;46;11;4;2005
403;06/02/2005;6;2;1;2006;46;11;4;2005
404;07/02/2005;6;2;1;2006;46;11;4;2005
405;08/02/2005;6;2;1;2006;46;11;4;2005
406;09/02/2005;6;2;1;2006;46;11;4;2005
407;10/02/2005;6;2;1;2006;46;11;4;2005
408;11/02/2005;7;2;1;2006;46;11;4;2005
409;12/02/2005;7;2;1;2006;47;11;4;2005
410;13/02/2005;7;2;1;2006;47;11;4;2005
411;14/02/2005;7;2;1;2006;47;11;4;2005
412;15/02/2005;7;2;1;2006;47;11;4;2005
413;16/02/2005;7;2;1;2006;47;11;4;2005
414;17/02/2005;7;2;1;2006;47;11;4;2005
415;18/02/2005;8;2;1;2006;47;11;4;2005
416;19/02/2005;8;2;1;2006;48;11;4;2005
417;20/02/2005;8;2;1;2006;48;11;4;2005
418;21/02/2005;8;2;1;2006;48;11;4;2005
419;22/02/2005;8;2;1;2006;48;11;4;2005
420;23/02/2005;8;2;1;2006;48;11;4;2005
421;24/02/2005;8;2;1;2006;48;11;4;2005
422;25/02/2005;9;2;1;2006;48;11;4;2005
423;26/02/2005;9;2;1;2006;49;11;4;2005
424;27/02/2005;9;2;1;2006;49;11;4;2005
425;28/02/2005;9;3;1;2006;49;11;4;2005
426;01/03/2005;9;3;1;2006;49;11;4;2005
427;02/03/2005;9;3;1;2006;49;12;4;2005
428;03/03/2005;9;3;1;2006;49;12;4;2005
429;04/03/2005;10;3;1;2006;49;12;4;2005
430;05/03/2005;10;3;1;2006;50;12;4;2005
431;06/03/2005;10;3;1;2006;50;12;4;2005
432;07/03/2005;10;3;1;2006;50;12;4;2005
433;08/03/2005;10;3;1;2006;50;12;4;2005
434;09/03/2005;10;3;1;2006;50;12;4;2005
435;10/03/2005;10;3;1;2006;50;12;4;2005
436;11/03/2005;11;3;1;2006;50;12;4;2005
437;12/03/2005;11;3;1;2006;51;12;4;2005
438;13/03/2005;11;3;1;2006;51;12;4;2005
439;14/03/2005;11;3;1;2006;51;12;4;2005
440;15/03/2005;11;3;1;2006;51;12;4;2005
441;16/03/2005;11;3;1;2006;51;12;4;2005
442;17/03/2005;11;3;1;2006;51;12;4;2005
443;18/03/2005;12;3;1;2006;51;12;4;2005
444;19/03/2005;12;3;1;2006;52;12;4;2005
445;20/03/2005;12;3;1;2006;52;12;4;2005
446;21/03/2005;12;3;1;2006;52;12;4;2005
447;22/03/2005;12;3;1;2006;52;12;4;2005
448;23/03/2005;12;3;1;2006;52;12;4;2005
449;24/03/2005;12;3;1;2006;52;12;4;2005
450;25/03/2005;13;3;1;2006;52;12;4;2005
451;26/03/2005;13;3;1;2006;53;12;4;2005
452;27/03/2005;13;3;1;2006;53;12;4;2005
453;28/03/2005;13;3;1;2006;53;12;4;2005
454;29/03/2005;13;3;1;2006;53;12;4;2005
455;30/03/2005;13;3;1;2006;53;12;4;2005
456;31/03/2005;13;4;2;2006;53;12;4;2005
457;01/04/2005;14;4;2;2006;53;12;4;2005
458;02/04/2005;14;4;2;2006;1;1;1;2006
459;03/04/2005;14;4;2;2006;1;1;1;2006
460;04/04/2005;14;4;2;2006;1;1;1;2006
461;05/04/2005;14;4;2;2006;1;1;1;2006
462;06/04/2005;14;4;2;2006;1;1;1;2006
463;07/04/2005;14;4;2;2006;1;1;1;2006
464;08/04/2005;15;4;2;2006;1;1;1;2006
465;09/04/2005;15;4;2;2006;2;1;1;2006
466;10/04/2005;15;4;2;2006;2;1;1;2006
467;11/04/2005;15;4;2;2006;2;1;1;2006
468;12/04/2005;15;4;2;2006;2;1;1;2006
469;13/04/2005;15;4;2;2006;2;1;1;2006
470;14/04/2005;15;4;2;2006;2;1;1;2006
471;15/04/2005;16;4;2;2006;2;1;1;2006
472;16/04/2005;16;4;2;2006;3;1;1;2006
473;17/04/2005;16;4;2;2006;3;1;1;2006
474;18/04/2005;16;4;2;2006;3;1;1;2006
475;19/04/2005;16;4;2;2006;3;1;1;2006
476;20/04/2005;16;4;2;2006;3;1;1;2006
477;21/04/2005;16;4;2;2006;3;1;1;2006
478;22/04/2005;17;4;2;2006;3;1;1;2006
479;23/04/2005;17;4;2;2006;4;1;1;2006
480;24/04/2005;17;4;2;2006;4;1;1;2006
481;25/04/2005;17;4;2;2006;4;1;1;2006
482;26/04/2005;17;4;2;2006;4;1;1;2006
483;27/04/2005;17;4;2;2006;4;1;1;2006
484;28/04/2005;17;4;2;2006;4;1;1;2006
485;29/04/2005;18;4;2;2006;4;1;1;2006
486;30/04/2005;18;5;2;2006;5;1;1;2006
487;01/05/2005;18;5;2;2006;5;1;1;2006
488;02/05/2005;18;5;2;2006;5;1;1;2006
489;03/05/2005;18;5;2;2006;5;2;1;2006
490;04/05/2005;18;5;2;2006;5;2;1;2006
491;05/05/2005;18;5;2;2006;5;2;1;2006
492;06/05/2005;19;5;2;2006;5;2;1;2006
493;07/05/2005;19;5;2;2006;6;2;1;2006
494;08/05/2005;19;5;2;2006;6;2;1;2006
495;09/05/2005;19;5;2;2006;6;2;1;2006
496;10/05/2005;19;5;2;2006;6;2;1;2006
497;11/05/2005;19;5;2;2006;6;2;1;2006
498;12/05/2005;19;5;2;2006;6;2;1;2006
499;13/05/2005;20;5;2;2006;6;2;1;2006
500;14/05/2005;20;5;2;2006;7;2;1;2006
501;15/05/2005;20;5;2;2006;7;2;1;2006
502;16/05/2005;20;5;2;2006;7;2;1;2006
503;17/05/2005;20;5;2;2006;7;2;1;2006
504;18/05/2005;20;5;2;2006;7;2;1;2006
505;19/05/2005;20;5;2;2006;7;2;1;2006
506;20/05/2005;21;5;2;2006;7;2;1;2006
507;21/05/2005;21;5;2;2006;8;2;1;2006
508;22/05/2005;21;5;2;2006;8;2;1;2006
509;23/05/2005;21;5;2;2006;8;2;1;2006
510;24/05/2005;21;5;2;2006;8;2;1;2006
511;25/05/2005;21;5;2;2006;8;2;1;2006
512;26/05/2005;21;5;2;2006;8;2;1;2006
513;27/05/2005;22;5;2;2006;8;2;1;2006
514;28/05/2005;22;5;2;2006;9;2;1;2006
515;29/05/2005;22;5;2;2006;9;2;1;2006
516;30/05/2005;22;5;2;2006;9;2;1;2006
517;31/05/2005;22;6;2;2006;9;3;1;2006
518;01/06/2005;22;6;2;2006;9;3;1;2006
519;02/06/2005;22;6;2;2006;9;3;1;2006
520;03/06/2005;23;6;2;2006;9;3;1;2006
521;04/06/2005;23;6;2;2006;10;3;1;2006
522;05/06/2005;23;6;2;2006;10;3;1;2006
523;06/06/2005;23;6;2;2006;10;3;1;2006
524;07/06/2005;23;6;2;2006;10;3;1;2006
525;08/06/2005;23;6;2;2006;10;3;1;2006
526;09/06/2005;23;6;2;2006;10;3;1;2006
527;10/06/2005;24;6;2;2006;10;3;1;2006
528;11/06/2005;24;6;2;2006;11;3;1;2006
529;12/06/2005;24;6;2;2006;11;3;1;2006
530;13/06/2005;24;6;2;2006;11;3;1;2006
531;14/06/2005;24;6;2;2006;11;3;1;2006
532;15/06/2005;24;6;2;2006;11;3;1;2006
533;16/06/2005;24;6;2;2006;11;3;1;2006
534;17/06/2005;25;6;2;2006;11;3;1;2006
535;18/06/2005;25;6;2;2006;12;3;1;2006
536;19/06/2005;25;6;2;2006;12;3;1;2006
537;20/06/2005;25;6;2;2006;12;3;1;2006
538;21/06/2005;25;6;2;2006;12;3;1;2006
539;22/06/2005;25;6;2;2006;12;3;1;2006
540;23/06/2005;25;6;2;2006;12;3;1;2006
541;24/06/2005;26;6;2;2006;12;3;1;2006
542;25/06/2005;26;6;2;2006;13;3;1;2006
543;26/06/2005;26;6;2;2006;13;3;1;2006
544;27/06/2005;26;6;2;2006;13;3;1;2006
545;28/06/2005;26;6;2;2006;13;3;1;2006
546;29/06/2005;26;6;2;2006;13;3;1;2006
547;30/06/2005;26;7;3;2006;13;3;1;2006
548;01/07/2005;27;7;3;2006;13;4;2;2006
549;02/07/2005;27;7;3;2006;14;4;2;2006
550;03/07/2005;27;7;3;2006;14;4;2;2006
551;04/07/2005;27;7;3;2006;14;4;2;2006
552;05/07/2005;27;7;3;2006;14;4;2;2006
553;06/07/2005;27;7;3;2006;14;4;2;2006
554;07/07/2005;27;7;3;2006;14;4;2;2006
555;08/07/2005;28;7;3;2006;14;4;2;2006
556;09/07/2005;28;7;3;2006;15;4;2;2006
557;10/07/2005;28;7;3;2006;15;4;2;2006
558;11/07/2005;28;7;3;2006;15;4;2;2006
559;12/07/2005;28;7;3;2006;15;4;2;2006
560;13/07/2005;28;7;3;2006;15;4;2;2006
561;14/07/2005;28;7;3;2006;15;4;2;2006
562;15/07/2005;29;7;3;2006;15;4;2;2006
563;16/07/2005;29;7;3;2006;16;4;2;2006
564;17/07/2005;29;7;3;2006;16;4;2;2006
565;18/07/2005;29;7;3;2006;16;4;2;2006
566;19/07/2005;29;7;3;2006;16;4;2;2006
567;20/07/2005;29;7;3;2006;16;4;2;2006
568;21/07/2005;29;7;3;2006;16;4;2;2006
569;22/07/2005;30;7;3;2006;16;4;2;2006
570;23/07/2005;30;7;3;2006;17;4;2;2006
571;24/07/2005;30;7;3;2006;17;4;2;2006
572;25/07/2005;30;7;3;2006;17;4;2;2006
573;26/07/2005;30;7;3;2006;17;4;2;2006
574;27/07/2005;30;7;3;2006;17;4;2;2006
575;28/07/2005;30;7;3;2006;17;4;2;2006
576;29/07/2005;31;7;3;2006;17;4;2;2006
577;30/07/2005;31;7;3;2006;18;4;2;2006
578;31/07/2005;31;8;3;2006;18;5;2;2006
579;01/08/2005;31;8;3;2006;18;5;2;2006
580;02/08/2005;31;8;3;2006;18;5;2;2006
581;03/08/2005;31;8;3;2006;18;5;2;2006
582;04/08/2005;31;8;3;2006;18;5;2;2006
583;05/08/2005;32;8;3;2006;18;5;2;2006
584;06/08/2005;32;8;3;2006;19;5;2;2006
585;07/08/2005;32;8;3;2006;19;5;2;2006
586;08/08/2005;32;8;3;2006;19;5;2;2006
587;09/08/2005;32;8;3;2006;19;5;2;2006
588;10/08/2005;32;8;3;2006;19;5;2;2006
589;11/08/2005;32;8;3;2006;19;5;2;2006
590;12/08/2005;33;8;3;2006;19;5;2;2006
591;13/08/2005;33;8;3;2006;20;5;2;2006
592;14/08/2005;33;8;3;2006;20;5;2;2006
593;15/08/2005;33;8;3;2006;20;5;2;2006
594;16/08/2005;33;8;3;2006;20;5;2;2006
595;17/08/2005;33;8;3;2006;20;5;2;2006
596;18/08/2005;33;8;3;2006;20;5;2;2006
597;19/08/2005;34;8;3;2006;20;5;2;2006
598;20/08/2005;34;8;3;2006;21;5;2;2006
599;21/08/2005;34;8;3;2006;21;5;2;2006
600;22/08/2005;34;8;3;2006;21;5;2;2006
601;23/08/2005;34;8;3;2006;21;5;2;2006
602;24/08/2005;34;8;3;2006;21;5;2;2006
603;25/08/2005;34;8;3;2006;21;5;2;2006
604;26/08/2005;35;8;3;2006;21;5;2;2006
605;27/08/2005;35;8;3;2006;22;5;2;2006
606;28/08/2005;35;8;3;2006;22;5;2;2006
607;29/08/2005;35;8;3;2006;22;5;2;2006
608;30/08/2005;35;8;3;2006;22;5;2;2006
609;31/08/2005;35;9;3;2006;22;6;2;2006
610;01/09/2005;35;9;3;2006;22;6;2;2006
611;02/09/2005;36;9;3;2006;22;6;2;2006
612;03/09/2005;36;9;3;2006;23;6;2;2006
613;04/09/2005;36;9;3;2006;23;6;2;2006
614;05/09/2005;36;9;3;2006;23;6;2;2006
615;06/09/2005;36;9;3;2006;23;6;2;2006
616;07/09/2005;36;9;3;2006;23;6;2;2006
617;08/09/2005;36;9;3;2006;23;6;2;2006
618;09/09/2005;37;9;3;2006;23;6;2;2006
619;10/09/2005;37;9;3;2006;24;6;2;2006
620;11/09/2005;37;9;3;2006;24;6;2;2006
621;12/09/2005;37;9;3;2006;24;6;2;2006
622;13/09/2005;37;9;3;2006;24;6;2;2006
623;14/09/2005;37;9;3;2006;24;6;2;2006
624;15/09/2005;37;9;3;2006;24;6;2;2006
625;16/09/2005;38;9;3;2006;24;6;2;2006
626;17/09/2005;38;9;3;2006;25;6;2;2006
627;18/09/2005;38;9;3;2006;25;6;2;2006
628;19/09/2005;38;9;3;2006;25;6;2;2006
629;20/09/2005;38;9;3;2006;25;6;2;2006
630;21/09/2005;38;9;3;2006;25;6;2;2006
631;22/09/2005;38;9;3;2006;25;6;2;2006
632;23/09/2005;39;9;3;2006;25;6;2;2006
633;24/09/2005;39;9;3;2006;26;6;2;2006
634;25/09/2005;39;9;3;2006;26;6;2;2006
635;26/09/2005;39;9;3;2006;26;6;2;2006
636;27/09/2005;39;9;3;2006;26;6;2;2006
637;28/09/2005;39;9;3;2006;26;6;2;2006
638;29/09/2005;39;9;3;2006;26;6;2;2006
639;30/09/2005;40;10;4;2006;26;7;3;2006
640;01/10/2005;40;10;4;2006;27;7;3;2006
641;02/10/2005;40;10;4;2006;27;7;3;2006
642;03/10/2005;40;10;4;2006;27;7;3;2006
643;04/10/2005;40;10;4;2006;27;7;3;2006
644;05/10/2005;40;10;4;2006;27;7;3;2006
645;06/10/2005;40;10;4;2006;27;7;3;2006
646;07/10/2005;41;10;4;2006;27;7;3;2006
647;08/10/2005;41;10;4;2006;28;7;3;2006
648;09/10/2005;41;10;4;2006;28;7;3;2006
649;10/10/2005;41;10;4;2006;28;7;3;2006
650;11/10/2005;41;10;4;2006;28;7;3;2006
651;12/10/2005;41;10;4;2006;28;7;3;2006
652;13/10/2005;41;10;4;2006;28;7;3;2006
653;14/10/2005;42;10;4;2006;28;7;3;2006
654;15/10/2005;42;10;4;2006;29;7;3;2006
655;16/10/2005;42;10;4;2006;29;7;3;2006
656;17/10/2005;42;10;4;2006;29;7;3;2006
657;18/10/2005;42;10;4;2006;29;7;3;2006
658;19/10/2005;42;10;4;2006;29;7;3;2006
659;20/10/2005;42;10;4;2006;29;7;3;2006
660;21/10/2005;43;10;4;2006;29;7;3;2006
661;22/10/2005;43;10;4;2006;30;7;3;2006
662;23/10/2005;43;10;4;2006;30;7;3;2006
663;24/10/2005;43;10;4;2006;30;7;3;2006
664;25/10/2005;43;10;4;2006;30;7;3;2006
665;26/10/2005;43;10;4;2006;30;7;3;2006
666;27/10/2005;43;10;4;2006;30;7;3;2006
667;28/10/2005;44;10;4;2006;30;7;3;2006
668;29/10/2005;44;10;4;2006;31;7;3;2006
669;30/10/2005;44;10;4;2006;31;7;3;2006
670;31/10/2005;44;11;4;2006;31;8;3;2006
671;01/11/2005;44;11;4;2006;31;8;3;2006
672;02/11/2005;44;11;4;2006;31;8;3;2006
673;03/11/2005;44;11;4;2006;31;8;3;2006
674;04/11/2005;45;11;4;2006;31;8;3;2006
675;05/11/2005;45;11;4;2006;32;8;3;2006
676;06/11/2005;45;11;4;2006;32;8;3;2006
677;07/11/2005;45;11;4;2006;32;8;3;2006
678;08/11/2005;45;11;4;2006;32;8;3;2006
679;09/11/2005;45;11;4;2006;32;8;3;2006
680;10/11/2005;45;11;4;2006;32;8;3;2006
681;11/11/2005;46;11;4;2006;32;8;3;2006
682;12/11/2005;46;11;4;2006;33;8;3;2006
683;13/11/2005;46;11;4;2006;33;8;3;2006
684;14/11/2005;46;11;4;2006;33;8;3;2006
685;15/11/2005;46;11;4;2006;33;8;3;2006
686;16/11/2005;46;11;4;2006;33;8;3;2006
687;17/11/2005;46;11;4;2006;33;8;3;2006
688;18/11/2005;47;11;4;2006;33;8;3;2006
689;19/11/2005;47;11;4;2006;34;8;3;2006
690;20/11/2005;47;11;4;2006;34;8;3;2006
691;21/11/2005;47;11;4;2006;34;8;3;2006
692;22/11/2005;47;11;4;2006;34;8;3;2006
693;23/11/2005;47;11;4;2006;34;8;3;2006
694;24/11/2005;47;11;4;2006;34;8;3;2006
695;25/11/2005;48;11;4;2006;34;8;3;2006
696;26/11/2005;48;11;4;2006;35;8;3;2006
697;27/11/2005;48;11;4;2006;35;8;3;2006
698;28/11/2005;48;11;4;2006;35;8;3;2006
699;29/11/2005;48;11;4;2006;35;8;3;2006
700;30/11/2005;48;12;4;2006;35;8;3;2006
701;01/12/2005;48;12;4;2006;35;9;3;2006
702;02/12/2005;49;12;4;2006;35;9;3;2006
703;03/12/2005;49;12;4;2006;36;9;3;2006
704;04/12/2005;49;12;4;2006;36;9;3;2006
705;05/12/2005;49;12;4;2006;36;9;3;2006
706;06/12/2005;49;12;4;2006;36;9;3;2006
707;07/12/2005;49;12;4;2006;36;9;3;2006
708;08/12/2005;49;12;4;2006;36;9;3;2006
709;09/12/2005;50;12;4;2006;36;9;3;2006
710;10/12/2005;50;12;4;2006;37;9;3;2006
711;11/12/2005;50;12;4;2006;37;9;3;2006
712;12/12/2005;50;12;4;2006;37;9;3;2006
713;13/12/2005;50;12;4;2006;37;9;3;2006
714;14/12/2005;50;12;4;2006;37;9;3;2006
715;15/12/2005;50;12;4;2006;37;9;3;2006
716;16/12/2005;51;12;4;2006;37;9;3;2006
717;17/12/2005;51;12;4;2006;38;9;3;2006
718;18/12/2005;51;12;4;2006;38;9;3;2006
719;19/12/2005;51;12;4;2006;38;9;3;2006
720;20/12/2005;51;12;4;2006;38;9;3;2006
721;21/12/2005;51;12;4;2006;38;9;3;2006
722;22/12/2005;51;12;4;2006;38;9;3;2006
723;23/12/2005;52;12;4;2006;38;9;3;2006
724;24/12/2005;52;12;4;2006;39;9;3;2006
725;25/12/2005;52;12;4;2006;39;9;3;2006
726;26/12/2005;52;12;4;2006;39;9;3;2006
727;27/12/2005;52;12;4;2006;39;9;3;2006
728;28/12/2005;52;12;4;2006;39;9;3;2006
729;29/12/2005;52;12;4;2006;39;9;3;2006
730;30/12/2005;53;12;4;2006;39;9;3;2006
731;31/12/2005;1;1;1;2007;40;10;4;2006
732;01/01/2006;1;1;1;2007;40;10;4;2006
733;02/01/2006;1;1;1;2007;40;10;4;2006
734;03/01/2006;1;1;1;2007;40;10;4;2006
735;04/01/2006;1;1;1;2007;40;10;4;2006
736;05/01/2006;1;1;1;2007;40;10;4;2006
737;06/01/2006;2;1;1;2007;40;10;4;2006
738;07/01/2006;2;1;1;2007;41;10;4;2006
739;08/01/2006;2;1;1;2007;41;10;4;2006
740;09/01/2006;2;1;1;2007;41;10;4;2006
741;10/01/2006;2;1;1;2007;41;10;4;2006
742;11/01/2006;2;1;1;2007;41;10;4;2006
743;12/01/2006;2;1;1;2007;41;10;4;2006
744;13/01/2006;3;1;1;2007;41;10;4;2006
745;14/01/2006;3;1;1;2007;42;10;4;2006
746;15/01/2006;3;1;1;2007;42;10;4;2006
747;16/01/2006;3;1;1;2007;42;10;4;2006
748;17/01/2006;3;1;1;2007;42;10;4;2006
749;18/01/2006;3;1;1;2007;42;10;4;2006
750;19/01/2006;3;1;1;2007;42;10;4;2006
751;20/01/2006;4;1;1;2007;42;10;4;2006
752;21/01/2006;4;1;1;2007;43;10;4;2006
753;22/01/2006;4;1;1;2007;43;10;4;2006
754;23/01/2006;4;1;1;2007;43;10;4;2006
755;24/01/2006;4;1;1;2007;43;10;4;2006
756;25/01/2006;4;1;1;2007;43;10;4;2006
757;26/01/2006;4;1;1;2007;43;10;4;2006
758;27/01/2006;5;1;1;2007;43;10;4;2006
759;28/01/2006;5;1;1;2007;44;10;4;2006
760;29/01/2006;5;1;1;2007;44;10;4;2006
761;30/01/2006;5;1;1;2007;44;10;4;2006
762;31/01/2006;5;2;1;2007;44;11;4;2006
763;01/02/2006;5;2;1;2007;44;11;4;2006
764;02/02/2006;5;2;1;2007;44;11;4;2006
765;03/02/2006;6;2;1;2007;44;11;4;2006
766;04/02/2006;6;2;1;2007;45;11;4;2006
767;05/02/2006;6;2;1;2007;45;11;4;2006
768;06/02/2006;6;2;1;2007;45;11;4;2006
769;07/02/2006;6;2;1;2007;45;11;4;2006
770;08/02/2006;6;2;1;2007;45;11;4;2006
771;09/02/2006;6;2;1;2007;45;11;4;2006
772;10/02/2006;7;2;1;2007;45;11;4;2006
773;11/02/2006;7;2;1;2007;46;11;4;2006
774;12/02/2006;7;2;1;2007;46;11;4;2006
775;13/02/2006;7;2;1;2007;46;11;4;2006
776;14/02/2006;7;2;1;2007;46;11;4;2006
777;15/02/2006;7;2;1;2007;46;11;4;2006
778;16/02/2006;7;2;1;2007;46;11;4;2006
779;17/02/2006;8;2;1;2007;46;11;4;2006
780;18/02/2006;8;2;1;2007;47;11;4;2006
781;19/02/2006;8;2;1;2007;47;11;4;2006
782;20/02/2006;8;2;1;2007;47;11;4;2006
783;21/02/2006;8;2;1;2007;47;11;4;2006
784;22/02/2006;8;2;1;2007;47;11;4;2006
785;23/02/2006;8;2;1;2007;47;11;4;2006
786;24/02/2006;9;2;1;2007;47;11;4;2006
787;25/02/2006;9;2;1;2007;48;11;4;2006
788;26/02/2006;9;2;1;2007;48;11;4;2006
789;27/02/2006;9;2;1;2007;48;11;4;2006
790;28/02/2006;9;3;1;2007;48;11;4;2006
791;01/03/2006;9;3;1;2007;48;11;4;2006
792;02/03/2006;9;3;1;2007;48;12;4;2006
793;03/03/2006;10;3;1;2007;48;12;4;2006
794;04/03/2006;10;3;1;2007;49;12;4;2006
795;05/03/2006;10;3;1;2007;49;12;4;2006
796;06/03/2006;10;3;1;2007;49;12;4;2006
797;07/03/2006;10;3;1;2007;49;12;4;2006
798;08/03/2006;10;3;1;2007;49;12;4;2006
799;09/03/2006;10;3;1;2007;49;12;4;2006
800;10/03/2006;11;3;1;2007;49;12;4;2006
801;11/03/2006;11;3;1;2007;50;12;4;2006
802;12/03/2006;11;3;1;2007;50;12;4;2006
803;13/03/2006;11;3;1;2007;50;12;4;2006
804;14/03/2006;11;3;1;2007;50;12;4;2006
805;15/03/2006;11;3;1;2007;50;12;4;2006
806;16/03/2006;11;3;1;2007;50;12;4;2006
807;17/03/2006;12;3;1;2007;50;12;4;2006
808;18/03/2006;12;3;1;2007;51;12;4;2006
809;19/03/2006;12;3;1;2007;51;12;4;2006
810;20/03/2006;12;3;1;2007;51;12;4;2006
811;21/03/2006;12;3;1;2007;51;12;4;2006
812;22/03/2006;12;3;1;2007;51;12;4;2006
813;23/03/2006;12;3;1;2007;51;12;4;2006
814;24/03/2006;13;3;1;2007;51;12;4;2006
815;25/03/2006;13;3;1;2007;52;12;4;2006
816;26/03/2006;13;3;1;2007;52;12;4;2006
817;27/03/2006;13;3;1;2007;52;12;4;2006
818;28/03/2006;13;3;1;2007;52;12;4;2006
819;29/03/2006;13;3;1;2007;52;12;4;2006
820;30/03/2006;13;3;1;2007;52;12;4;2006
821;31/03/2006;14;4;2;2007;52;12;4;2006
822;01/04/2006;14;4;2;2007;53;12;4;2006
823;02/04/2006;14;4;2;2007;1;1;1;2007
824;03/04/2006;14;4;2;2007;1;1;1;2007
825;04/04/2006;14;4;2;2007;1;1;1;2007
826;05/04/2006;14;4;2;2007;1;1;1;2007
827;06/04/2006;14;4;2;2007;1;1;1;2007
828;07/04/2006;15;4;2;2007;1;1;1;2007
829;08/04/2006;15;4;2;2007;2;1;1;2007
830;09/04/2006;15;4;2;2007;2;1;1;2007
831;10/04/2006;15;4;2;2007;2;1;1;2007
832;11/04/2006;15;4;2;2007;2;1;1;2007
833;12/04/2006;15;4;2;2007;2;1;1;2007
834;13/04/2006;15;4;2;2007;2;1;1;2007
835;14/04/2006;16;4;2;2007;2;1;1;2007
836;15/04/2006;16;4;2;2007;3;1;1;2007
837;16/04/2006;16;4;2;2007;3;1;1;2007
838;17/04/2006;16;4;2;2007;3;1;1;2007
839;18/04/2006;16;4;2;2007;3;1;1;2007
840;19/04/2006;16;4;2;2007;3;1;1;2007
841;20/04/2006;16;4;2;2007;3;1;1;2007
842;21/04/2006;17;4;2;2007;3;1;1;2007
843;22/04/2006;17;4;2;2007;4;1;1;2007
844;23/04/2006;17;4;2;2007;4;1;1;2007
845;24/04/2006;17;4;2;2007;4;1;1;2007
846;25/04/2006;17;4;2;2007;4;1;1;2007
847;26/04/2006;17;4;2;2007;4;1;1;2007
848;27/04/2006;17;4;2;2007;4;1;1;2007
849;28/04/2006;18;4;2;2007;4;1;1;2007
850;29/04/2006;18;4;2;2007;5;1;1;2007
851;30/04/2006;18;5;2;2007;5;1;1;2007
852;01/05/2006;18;5;2;2007;5;1;1;2007
853;02/05/2006;18;5;2;2007;5;1;1;2007
854;03/05/2006;18;5;2;2007;5;2;1;2007
855;04/05/2006;18;5;2;2007;5;2;1;2007
856;05/05/2006;19;5;2;2007;5;2;1;2007
857;06/05/2006;19;5;2;2007;6;2;1;2007
858;07/05/2006;19;5;2;2007;6;2;1;2007
859;08/05/2006;19;5;2;2007;6;2;1;2007
860;09/05/2006;19;5;2;2007;6;2;1;2007
861;10/05/2006;19;5;2;2007;6;2;1;2007
862;11/05/2006;19;5;2;2007;6;2;1;2007
863;12/05/2006;20;5;2;2007;6;2;1;2007
864;13/05/2006;20;5;2;2007;7;2;1;2007
865;14/05/2006;20;5;2;2007;7;2;1;2007
866;15/05/2006;20;5;2;2007;7;2;1;2007
867;16/05/2006;20;5;2;2007;7;2;1;2007
868;17/05/2006;20;5;2;2007;7;2;1;2007
869;18/05/2006;20;5;2;2007;7;2;1;2007
870;19/05/2006;21;5;2;2007;7;2;1;2007
871;20/05/2006;21;5;2;2007;8;2;1;2007
872;21/05/2006;21;5;2;2007;8;2;1;2007
873;22/05/2006;21;5;2;2007;8;2;1;2007
874;23/05/2006;21;5;2;2007;8;2;1;2007
875;24/05/2006;21;5;2;2007;8;2;1;2007
876;25/05/2006;21;5;2;2007;8;2;1;2007
877;26/05/2006;22;5;2;2007;8;2;1;2007
878;27/05/2006;22;5;2;2007;9;2;1;2007
879;28/05/2006;22;5;2;2007;9;2;1;2007
880;29/05/2006;22;5;2;2007;9;2;1;2007
881;30/05/2006;22;5;2;2007;9;2;1;2007
882;31/05/2006;22;6;2;2007;9;3;1;2007
883;01/06/2006;22;6;2;2007;9;3;1;2007
884;02/06/2006;23;6;2;2007;9;3;1;2007
885;03/06/2006;23;6;2;2007;10;3;1;2007
886;04/06/2006;23;6;2;2007;10;3;1;2007
887;05/06/2006;23;6;2;2007;10;3;1;2007
888;06/06/2006;23;6;2;2007;10;3;1;2007
889;07/06/2006;23;6;2;2007;10;3;1;2007
890;08/06/2006;23;6;2;2007;10;3;1;2007
891;09/06/2006;24;6;2;2007;10;3;1;2007
892;10/06/2006;24;6;2;2007;11;3;1;2007
893;11/06/2006;24;6;2;2007;11;3;1;2007
894;12/06/2006;24;6;2;2007;11;3;1;2007
895;13/06/2006;24;6;2;2007;11;3;1;2007
896;14/06/2006;24;6;2;2007;11;3;1;2007
897;15/06/2006;24;6;2;2007;11;3;1;2007
898;16/06/2006;25;6;2;2007;11;3;1;2007
899;17/06/2006;25;6;2;2007;12;3;1;2007
900;18/06/2006;25;6;2;2007;12;3;1;2007
901;19/06/2006;25;6;2;2007;12;3;1;2007
902;20/06/2006;25;6;2;2007;12;3;1;2007
903;21/06/2006;25;6;2;2007;12;3;1;2007
904;22/06/2006;25;6;2;2007;12;3;1;2007
905;23/06/2006;26;6;2;2007;12;3;1;2007
906;24/06/2006;26;6;2;2007;13;3;1;2007
907;25/06/2006;26;6;2;2007;13;3;1;2007
908;26/06/2006;26;6;2;2007;13;3;1;2007
909;27/06/2006;26;6;2;2007;13;3;1;2007
910;28/06/2006;26;6;2;2007;13;3;1;2007
911;29/06/2006;26;6;2;2007;13;3;1;2007
912;30/06/2006;27;7;3;2007;13;3;1;2007
913;01/07/2006;27;7;3;2007;14;4;2;2007
914;02/07/2006;27;7;3;2007;14;4;2;2007
915;03/07/2006;27;7;3;2007;14;4;2;2007
916;04/07/2006;27;7;3;2007;14;4;2;2007
917;05/07/2006;27;7;3;2007;14;4;2;2007
918;06/07/2006;27;7;3;2007;14;4;2;2007
919;07/07/2006;28;7;3;2007;14;4;2;2007
920;08/07/2006;28;7;3;2007;15;4;2;2007
921;09/07/2006;28;7;3;2007;15;4;2;2007
922;10/07/2006;28;7;3;2007;15;4;2;2007
923;11/07/2006;28;7;3;2007;15;4;2;2007
924;12/07/2006;28;7;3;2007;15;4;2;2007
925;13/07/2006;28;7;3;2007;15;4;2;2007
926;14/07/2006;29;7;3;2007;15;4;2;2007
927;15/07/2006;29;7;3;2007;16;4;2;2007
928;16/07/2006;29;7;3;2007;16;4;2;2007
929;17/07/2006;29;7;3;2007;16;4;2;2007
930;18/07/2006;29;7;3;2007;16;4;2;2007
931;19/07/2006;29;7;3;2007;16;4;2;2007
932;20/07/2006;29;7;3;2007;16;4;2;2007
933;21/07/2006;30;7;3;2007;16;4;2;2007
934;22/07/2006;30;7;3;2007;17;4;2;2007
935;23/07/2006;30;7;3;2007;17;4;2;2007
936;24/07/2006;30;7;3;2007;17;4;2;2007
937;25/07/2006;30;7;3;2007;17;4;2;2007
938;26/07/2006;30;7;3;2007;17;4;2;2007
939;27/07/2006;30;7;3;2007;17;4;2;2007
940;28/07/2006;31;7;3;2007;17;4;2;2007
941;29/07/2006;31;7;3;2007;18;4;2;2007
942;30/07/2006;31;7;3;2007;18;4;2;2007
943;31/07/2006;31;8;3;2007;18;5;2;2007
944;01/08/2006;31;8;3;2007;18;5;2;2007
945;02/08/2006;31;8;3;2007;18;5;2;2007
946;03/08/2006;31;8;3;2007;18;5;2;2007
947;04/08/2006;32;8;3;2007;18;5;2;2007
948;05/08/2006;32;8;3;2007;19;5;2;2007
949;06/08/2006;32;8;3;2007;19;5;2;2007
950;07/08/2006;32;8;3;2007;19;5;2;2007
951;08/08/2006;32;8;3;2007;19;5;2;2007
952;09/08/2006;32;8;3;2007;19;5;2;2007
953;10/08/2006;32;8;3;2007;19;5;2;2007
954;11/08/2006;33;8;3;2007;19;5;2;2007
955;12/08/2006;33;8;3;2007;20;5;2;2007
956;13/08/2006;33;8;3;2007;20;5;2;2007
957;14/08/2006;33;8;3;2007;20;5;2;2007
958;15/08/2006;33;8;3;2007;20;5;2;2007
959;16/08/2006;33;8;3;2007;20;5;2;2007
960;17/08/2006;33;8;3;2007;20;5;2;2007
961;18/08/2006;34;8;3;2007;20;5;2;2007
962;19/08/2006;34;8;3;2007;21;5;2;2007
963;20/08/2006;34;8;3;2007;21;5;2;2007
964;21/08/2006;34;8;3;2007;21;5;2;2007
965;22/08/2006;34;8;3;2007;21;5;2;2007
966;23/08/2006;34;8;3;2007;21;5;2;2007
967;24/08/2006;34;8;3;2007;21;5;2;2007
968;25/08/2006;35;8;3;2007;21;5;2;2007
969;26/08/2006;35;8;3;2007;22;5;2;2007
970;27/08/2006;35;8;3;2007;22;5;2;2007
971;28/08/2006;35;8;3;2007;22;5;2;2007
972;29/08/2006;35;8;3;2007;22;5;2;2007
973;30/08/2006;35;8;3;2007;22;5;2;2007
974;31/08/2006;35;9;3;2007;22;6;2;2007
975;01/09/2006;36;9;3;2007;22;6;2;2007
976;02/09/2006;36;9;3;2007;23;6;2;2007
977;03/09/2006;36;9;3;2007;23;6;2;2007
978;04/09/2006;36;9;3;2007;23;6;2;2007
979;05/09/2006;36;9;3;2007;23;6;2;2007
980;06/09/2006;36;9;3;2007;23;6;2;2007
981;07/09/2006;36;9;3;2007;23;6;2;2007
982;08/09/2006;37;9;3;2007;23;6;2;2007
983;09/09/2006;37;9;3;2007;24;6;2;2007
984;10/09/2006;37;9;3;2007;24;6;2;2007
985;11/09/2006;37;9;3;2007;24;6;2;2007
986;12/09/2006;37;9;3;2007;24;6;2;2007
987;13/09/2006;37;9;3;2007;24;6;2;2007
988;14/09/2006;37;9;3;2007;24;6;2;2007
989;15/09/2006;38;9;3;2007;24;6;2;2007
990;16/09/2006;38;9;3;2007;25;6;2;2007
991;17/09/2006;38;9;3;2007;25;6;2;2007
992;18/09/2006;38;9;3;2007;25;6;2;2007
993;19/09/2006;38;9;3;2007;25;6;2;2007
994;20/09/2006;38;9;3;2007;25;6;2;2007
995;21/09/2006;38;9;3;2007;25;6;2;2007
996;22/09/2006;39;9;3;2007;25;6;2;2007
997;23/09/2006;39;9;3;2007;26;6;2;2007
998;24/09/2006;39;9;3;2007;26;6;2;2007
999;25/09/2006;39;9;3;2007;26;6;2;2007
1000;26/09/2006;39;9;3;2007;26;6;2;2007
1001;27/09/2006;39;9;3;2007;26;6;2;2007
1002;28/09/2006;39;9;3;2007;26;6;2;2007
1003;29/09/2006;40;9;3;2007;26;6;2;2007
1004;30/09/2006;40;10;4;2007;27;7;3;2007
1005;01/10/2006;40;10;4;2007;27;7;3;2007
1006;02/10/2006;40;10;4;2007;27;7;3;2007
1007;03/10/2006;40;10;4;2007;27;7;3;2007
1008;04/10/2006;40;10;4;2007;27;7;3;2007
1009;05/10/2006;40;10;4;2007;27;7;3;2007
1010;06/10/2006;41;10;4;2007;27;7;3;2007
1011;07/10/2006;41;10;4;2007;28;7;3;2007
1012;08/10/2006;41;10;4;2007;28;7;3;2007
1013;09/10/2006;41;10;4;2007;28;7;3;2007
1014;10/10/2006;41;10;4;2007;28;7;3;2007
1015;11/10/2006;41;10;4;2007;28;7;3;2007
1016;12/10/2006;41;10;4;2007;28;7;3;2007
1017;13/10/2006;42;10;4;2007;28;7;3;2007
1018;14/10/2006;42;10;4;2007;29;7;3;2007
1019;15/10/2006;42;10;4;2007;29;7;3;2007
1020;16/10/2006;42;10;4;2007;29;7;3;2007
1021;17/10/2006;42;10;4;2007;29;7;3;2007
1022;18/10/2006;42;10;4;2007;29;7;3;2007
1023;19/10/2006;42;10;4;2007;29;7;3;2007
1024;20/10/2006;43;10;4;2007;29;7;3;2007
1025;21/10/2006;43;10;4;2007;30;7;3;2007
1026;22/10/2006;43;10;4;2007;30;7;3;2007
1027;23/10/2006;43;10;4;2007;30;7;3;2007
1028;24/10/2006;43;10;4;2007;30;7;3;2007
1029;25/10/2006;43;10;4;2007;30;7;3;2007
1030;26/10/2006;43;10;4;2007;30;7;3;2007
1031;27/10/2006;44;10;4;2007;30;7;3;2007
1032;28/10/2006;44;10;4;2007;31;7;3;2007
1033;29/10/2006;44;10;4;2007;31;7;3;2007
1034;30/10/2006;44;10;4;2007;31;7;3;2007
1035;31/10/2006;44;11;4;2007;31;8;3;2007
1036;01/11/2006;44;11;4;2007;31;8;3;2007
1037;02/11/2006;44;11;4;2007;31;8;3;2007
1038;03/11/2006;45;11;4;2007;31;8;3;2007
1039;04/11/2006;45;11;4;2007;32;8;3;2007
1040;05/11/2006;45;11;4;2007;32;8;3;2007
1041;06/11/2006;45;11;4;2007;32;8;3;2007
1042;07/11/2006;45;11;4;2007;32;8;3;2007
1043;08/11/2006;45;11;4;2007;32;8;3;2007
1044;09/11/2006;45;11;4;2007;32;8;3;2007
1045;10/11/2006;46;11;4;2007;32;8;3;2007
1046;11/11/2006;46;11;4;2007;33;8;3;2007
1047;12/11/2006;46;11;4;2007;33;8;3;2007
1048;13/11/2006;46;11;4;2007;33;8;3;2007
1049;14/11/2006;46;11;4;2007;33;8;3;2007
1050;15/11/2006;46;11;4;2007;33;8;3;2007
1051;16/11/2006;46;11;4;2007;33;8;3;2007
1052;17/11/2006;47;11;4;2007;33;8;3;2007
1053;18/11/2006;47;11;4;2007;34;8;3;2007
1054;19/11/2006;47;11;4;2007;34;8;3;2007
1055;20/11/2006;47;11;4;2007;34;8;3;2007
1056;21/11/2006;47;11;4;2007;34;8;3;2007
1057;22/11/2006;47;11;4;2007;34;8;3;2007
1058;23/11/2006;47;11;4;2007;34;8;3;2007
1059;24/11/2006;48;11;4;2007;34;8;3;2007
1060;25/11/2006;48;11;4;2007;35;8;3;2007
1061;26/11/2006;48;11;4;2007;35;8;3;2007
1062;27/11/2006;48;11;4;2007;35;8;3;2007
1063;28/11/2006;48;11;4;2007;35;8;3;2007
1064;29/11/2006;48;11;4;2007;35;8;3;2007
1065;30/11/2006;48;12;4;2007;35;8;3;2007
1066;01/12/2006;49;12;4;2007;35;9;3;2007
1067;02/12/2006;49;12;4;2007;36;9;3;2007
1068;03/12/2006;49;12;4;2007;36;9;3;2007
1069;04/12/2006;49;12;4;2007;36;9;3;2007
1070;05/12/2006;49;12;4;2007;36;9;3;2007
1071;06/12/2006;49;12;4;2007;36;9;3;2007
1072;07/12/2006;49;12;4;2007;36;9;3;2007
1073;08/12/2006;50;12;4;2007;36;9;3;2007
1074;09/12/2006;50;12;4;2007;37;9;3;2007
1075;10/12/2006;50;12;4;2007;37;9;3;2007
1076;11/12/2006;50;12;4;2007;37;9;3;2007
1077;12/12/2006;50;12;4;2007;37;9;3;2007
1078;13/12/2006;50;12;4;2007;37;9;3;2007
1079;14/12/2006;50;12;4;2007;37;9;3;2007
1080;15/12/2006;51;12;4;2007;37;9;3;2007
1081;16/12/2006;51;12;4;2007;38;9;3;2007
1082;17/12/2006;51;12;4;2007;38;9;3;2007
1083;18/12/2006;51;12;4;2007;38;9;3;2007
1084;19/12/2006;51;12;4;2007;38;9;3;2007
1085;20/12/2006;51;12;4;2007;38;9;3;2007
1086;21/12/2006;51;12;4;2007;38;9;3;2007
1087;22/12/2006;52;12;4;2007;38;9;3;2007
1088;23/12/2006;52;12;4;2007;39;9;3;2007
1089;24/12/2006;52;12;4;2007;39;9;3;2007
1090;25/12/2006;52;12;4;2007;39;9;3;2007
1091;26/12/2006;52;12;4;2007;39;9;3;2007
1092;27/12/2006;52;12;4;2007;39;9;3;2007
1093;28/12/2006;52;12;4;2007;39;9;3;2007
1094;29/12/2006;53;12;4;2007;39;9;3;2007
1095;30/12/2006;53;12;4;2007;40;9;3;2007
1096;31/12/2006;1;1;1;2008;40;10;4;2007
1097;01/01/2007;1;1;1;2008;40;10;4;2007
1098;02/01/2007;1;1;1;2008;40;10;4;2007
1099;03/01/2007;1;1;1;2008;40;10;4;2007
1100;04/01/2007;1;1;1;2008;40;10;4;2007
1101;05/01/2007;2;1;1;2008;40;10;4;2007
1102;06/01/2007;2;1;1;2008;41;10;4;2007
1103;07/01/2007;2;1;1;2008;41;10;4;2007
1104;08/01/2007;2;1;1;2008;41;10;4;2007
1105;09/01/2007;2;1;1;2008;41;10;4;2007
1106;10/01/2007;2;1;1;2008;41;10;4;2007
1107;11/01/2007;2;1;1;2008;41;10;4;2007
1108;12/01/2007;3;1;1;2008;41;10;4;2007
1109;13/01/2007;3;1;1;2008;42;10;4;2007
1110;14/01/2007;3;1;1;2008;42;10;4;2007
1111;15/01/2007;3;1;1;2008;42;10;4;2007
1112;16/01/2007;3;1;1;2008;42;10;4;2007
1113;17/01/2007;3;1;1;2008;42;10;4;2007
1114;18/01/2007;3;1;1;2008;42;10;4;2007
1115;19/01/2007;4;1;1;2008;42;10;4;2007
1116;20/01/2007;4;1;1;2008;43;10;4;2007
1117;21/01/2007;4;1;1;2008;43;10;4;2007
1118;22/01/2007;4;1;1;2008;43;10;4;2007
1119;23/01/2007;4;1;1;2008;43;10;4;2007
1120;24/01/2007;4;1;1;2008;43;10;4;2007
1121;25/01/2007;4;1;1;2008;43;10;4;2007
1122;26/01/2007;5;1;1;2008;43;10;4;2007
1123;27/01/2007;5;1;1;2008;44;10;4;2007
1124;28/01/2007;5;1;1;2008;44;10;4;2007
1125;29/01/2007;5;1;1;2008;44;10;4;2007
1126;30/01/2007;5;1;1;2008;44;10;4;2007
1127;31/01/2007;5;2;1;2008;44;11;4;2007
1128;01/02/2007;5;2;1;2008;44;11;4;2007
1129;02/02/2007;6;2;1;2008;44;11;4;2007
1130;03/02/2007;6;2;1;2008;45;11;4;2007
1131;04/02/2007;6;2;1;2008;45;11;4;2007
1132;05/02/2007;6;2;1;2008;45;11;4;2007
1133;06/02/2007;6;2;1;2008;45;11;4;2007
1134;07/02/2007;6;2;1;2008;45;11;4;2007
1135;08/02/2007;6;2;1;2008;45;11;4;2007
1136;09/02/2007;7;2;1;2008;45;11;4;2007
1137;10/02/2007;7;2;1;2008;46;11;4;2007
1138;11/02/2007;7;2;1;2008;46;11;4;2007
1139;12/02/2007;7;2;1;2008;46;11;4;2007
1140;13/02/2007;7;2;1;2008;46;11;4;2007
1141;14/02/2007;7;2;1;2008;46;11;4;2007
1142;15/02/2007;7;2;1;2008;46;11;4;2007
1143;16/02/2007;8;2;1;2008;46;11;4;2007
1144;17/02/2007;8;2;1;2008;47;11;4;2007
1145;18/02/2007;8;2;1;2008;47;11;4;2007
1146;19/02/2007;8;2;1;2008;47;11;4;2007
1147;20/02/2007;8;2;1;2008;47;11;4;2007
1148;21/02/2007;8;2;1;2008;47;11;4;2007
1149;22/02/2007;8;2;1;2008;47;11;4;2007
1150;23/02/2007;9;2;1;2008;47;11;4;2007
1151;24/02/2007;9;2;1;2008;48;11;4;2007
1152;25/02/2007;9;2;1;2008;48;11;4;2007
1153;26/02/2007;9;2;1;2008;48;11;4;2007
1154;27/02/2007;9;2;1;2008;48;11;4;2007
1155;28/02/2007;9;2;1;2008;48;11;4;2007
1156;01/03/2007;9;3;1;2008;48;11;4;2007
1157;02/03/2007;10;3;1;2008;48;12;4;2007
1158;03/03/2007;10;3;1;2008;49;12;4;2007
1159;04/03/2007;10;3;1;2008;49;12;4;2007
1160;05/03/2007;10;3;1;2008;49;12;4;2007
1161;06/03/2007;10;3;1;2008;49;12;4;2007
1162;07/03/2007;10;3;1;2008;49;12;4;2007
1163;08/03/2007;10;3;1;2008;49;12;4;2007
1164;09/03/2007;11;3;1;2008;49;12;4;2007
1165;10/03/2007;11;3;1;2008;50;12;4;2007
1166;11/03/2007;11;3;1;2008;50;12;4;2007
1167;12/03/2007;11;3;1;2008;50;12;4;2007
1168;13/03/2007;11;3;1;2008;50;12;4;2007
1169;14/03/2007;11;3;1;2008;50;12;4;2007
1170;15/03/2007;11;3;1;2008;50;12;4;2007
1171;16/03/2007;12;3;1;2008;50;12;4;2007
1172;17/03/2007;12;3;1;2008;51;12;4;2007
1173;18/03/2007;12;3;1;2008;51;12;4;2007
1174;19/03/2007;12;3;1;2008;51;12;4;2007
1175;20/03/2007;12;3;1;2008;51;12;4;2007
1176;21/03/2007;12;3;1;2008;51;12;4;2007
1177;22/03/2007;12;3;1;2008;51;12;4;2007
1178;23/03/2007;13;3;1;2008;51;12;4;2007
1179;24/03/2007;13;3;1;2008;52;12;4;2007
1180;25/03/2007;13;3;1;2008;52;12;4;2007
1181;26/03/2007;13;3;1;2008;52;12;4;2007
1182;27/03/2007;13;3;1;2008;52;12;4;2007
1183;28/03/2007;13;3;1;2008;52;12;4;2007
1184;29/03/2007;13;3;1;2008;52;12;4;2007
1185;30/03/2007;14;3;1;2008;52;12;4;2007
1186;31/03/2007;14;3;1;2008;53;12;4;2007
1187;01/04/2007;14;4;2;2008;53;12;4;2007
1188;02/04/2007;14;4;2;2008;1;1;1;2008
1189;03/04/2007;14;4;2;2008;1;1;1;2008
1190;04/04/2007;14;4;2;2008;1;1;1;2008
1191;05/04/2007;14;4;2;2008;1;1;1;2008
1192;06/04/2007;15;4;2;2008;1;1;1;2008
1193;07/04/2007;15;4;2;2008;2;1;1;2008
1194;08/04/2007;15;4;2;2008;2;1;1;2008
1195;09/04/2007;15;4;2;2008;2;1;1;2008
1196;10/04/2007;15;4;2;2008;2;1;1;2008
1197;11/04/2007;15;4;2;2008;2;1;1;2008
1198;12/04/2007;15;4;2;2008;2;1;1;2008
1199;13/04/2007;16;4;2;2008;2;1;1;2008
1200;14/04/2007;16;4;2;2008;3;1;1;2008
1201;15/04/2007;16;4;2;2008;3;1;1;2008
1202;16/04/2007;16;4;2;2008;3;1;1;2008
1203;17/04/2007;16;4;2;2008;3;1;1;2008
1204;18/04/2007;16;4;2;2008;3;1;1;2008
1205;19/04/2007;16;4;2;2008;3;1;1;2008
1206;20/04/2007;17;4;2;2008;3;1;1;2008
1207;21/04/2007;17;4;2;2008;4;1;1;2008
1208;22/04/2007;17;4;2;2008;4;1;1;2008
1209;23/04/2007;17;4;2;2008;4;1;1;2008
1210;24/04/2007;17;4;2;2008;4;1;1;2008
1211;25/04/2007;17;4;2;2008;4;1;1;2008
1212;26/04/2007;17;4;2;2008;4;1;1;2008
1213;27/04/2007;18;4;2;2008;4;1;1;2008
1214;28/04/2007;18;4;2;2008;5;1;1;2008
1215;29/04/2007;18;4;2;2008;5;1;1;2008
1216;30/04/2007;18;4;2;2008;5;1;1;2008
1217;01/05/2007;18;5;2;2008;5;1;1;2008
1218;02/05/2007;18;5;2;2008;5;1;1;2008
1219;03/05/2007;18;5;2;2008;5;2;1;2008
1220;04/05/2007;19;5;2;2008;5;2;1;2008
1221;05/05/2007;19;5;2;2008;6;2;1;2008
1222;06/05/2007;19;5;2;2008;6;2;1;2008
1223;07/05/2007;19;5;2;2008;6;2;1;2008
1224;08/05/2007;19;5;2;2008;6;2;1;2008
1225;09/05/2007;19;5;2;2008;6;2;1;2008
1226;10/05/2007;19;5;2;2008;6;2;1;2008
1227;11/05/2007;20;5;2;2008;6;2;1;2008
1228;12/05/2007;20;5;2;2008;7;2;1;2008
1229;13/05/2007;20;5;2;2008;7;2;1;2008
1230;14/05/2007;20;5;2;2008;7;2;1;2008
1231;15/05/2007;20;5;2;2008;7;2;1;2008
1232;16/05/2007;20;5;2;2008;7;2;1;2008
1233;17/05/2007;20;5;2;2008;7;2;1;2008
1234;18/05/2007;21;5;2;2008;7;2;1;2008
1235;19/05/2007;21;5;2;2008;8;2;1;2008
1236;20/05/2007;21;5;2;2008;8;2;1;2008
1237;21/05/2007;21;5;2;2008;8;2;1;2008
1238;22/05/2007;21;5;2;2008;8;2;1;2008
1239;23/05/2007;21;5;2;2008;8;2;1;2008
1240;24/05/2007;21;5;2;2008;8;2;1;2008
1241;25/05/2007;22;5;2;2008;8;2;1;2008
1242;26/05/2007;22;5;2;2008;9;2;1;2008
1243;27/05/2007;22;5;2;2008;9;2;1;2008
1244;28/05/2007;22;5;2;2008;9;2;1;2008
1245;29/05/2007;22;5;2;2008;9;2;1;2008
1246;30/05/2007;22;5;2;2008;9;2;1;2008
1247;31/05/2007;22;5;2;2008;9;2;1;2008
1248;01/06/2007;23;6;2;2008;9;3;1;2008
1249;02/06/2007;23;6;2;2008;10;3;1;2008
1250;03/06/2007;23;6;2;2008;10;3;1;2008
1251;04/06/2007;23;6;2;2008;10;3;1;2008
1252;05/06/2007;23;6;2;2008;10;3;1;2008
1253;06/06/2007;23;6;2;2008;10;3;1;2008
1254;07/06/2007;23;6;2;2008;10;3;1;2008
1255;08/06/2007;24;6;2;2008;10;3;1;2008
1256;09/06/2007;24;6;2;2008;11;3;1;2008
1257;10/06/2007;24;6;2;2008;11;3;1;2008
1258;11/06/2007;24;6;2;2008;11;3;1;2008
1259;12/06/2007;24;6;2;2008;11;3;1;2008
1260;13/06/2007;24;6;2;2008;11;3;1;2008
1261;14/06/2007;24;6;2;2008;11;3;1;2008
1262;15/06/2007;25;6;2;2008;11;3;1;2008
1263;16/06/2007;25;6;2;2008;12;3;1;2008
1264;17/06/2007;25;6;2;2008;12;3;1;2008
1265;18/06/2007;25;6;2;2008;12;3;1;2008
1266;19/06/2007;25;6;2;2008;12;3;1;2008
1267;20/06/2007;25;6;2;2008;12;3;1;2008
1268;21/06/2007;25;6;2;2008;12;3;1;2008
1269;22/06/2007;26;6;2;2008;12;3;1;2008
1270;23/06/2007;26;6;2;2008;13;3;1;2008
1271;24/06/2007;26;6;2;2008;13;3;1;2008
1272;25/06/2007;26;6;2;2008;13;3;1;2008
1273;26/06/2007;26;6;2;2008;13;3;1;2008
1274;27/06/2007;26;6;2;2008;13;3;1;2008
1275;28/06/2007;26;6;2;2008;13;3;1;2008
1276;29/06/2007;27;6;2;2008;13;3;1;2008
1277;30/06/2007;27;6;2;2008;14;3;1;2008
1278;01/07/2007;27;7;3;2008;14;3;1;2008
1279;02/07/2007;27;7;3;2008;14;4;2;2008
1280;03/07/2007;27;7;3;2008;14;4;2;2008
1281;04/07/2007;27;7;3;2008;14;4;2;2008
1282;05/07/2007;27;7;3;2008;14;4;2;2008
1283;06/07/2007;28;7;3;2008;14;4;2;2008
1284;07/07/2007;28;7;3;2008;15;4;2;2008
1285;08/07/2007;28;7;3;2008;15;4;2;2008
1286;09/07/2007;28;7;3;2008;15;4;2;2008
1287;10/07/2007;28;7;3;2008;15;4;2;2008
1288;11/07/2007;28;7;3;2008;15;4;2;2008
1289;12/07/2007;28;7;3;2008;15;4;2;2008
1290;13/07/2007;29;7;3;2008;15;4;2;2008
1291;14/07/2007;29;7;3;2008;16;4;2;2008
1292;15/07/2007;29;7;3;2008;16;4;2;2008
1293;16/07/2007;29;7;3;2008;16;4;2;2008
1294;17/07/2007;29;7;3;2008;16;4;2;2008
1295;18/07/2007;29;7;3;2008;16;4;2;2008
1296;19/07/2007;29;7;3;2008;16;4;2;2008
1297;20/07/2007;30;7;3;2008;16;4;2;2008
1298;21/07/2007;30;7;3;2008;17;4;2;2008
1299;22/07/2007;30;7;3;2008;17;4;2;2008
1300;23/07/2007;30;7;3;2008;17;4;2;2008
1301;24/07/2007;30;7;3;2008;17;4;2;2008
1302;25/07/2007;30;7;3;2008;17;4;2;2008
1303;26/07/2007;30;7;3;2008;17;4;2;2008
1304;27/07/2007;31;7;3;2008;17;4;2;2008
1305;28/07/2007;31;7;3;2008;18;4;2;2008
1306;29/07/2007;31;7;3;2008;18;4;2;2008
1307;30/07/2007;31;7;3;2008;18;4;2;2008
1308;31/07/2007;31;7;3;2008;18;4;2;2008
1309;01/08/2007;31;8;3;2008;18;5;2;2008
1310;02/08/2007;31;8;3;2008;18;5;2;2008
1311;03/08/2007;32;8;3;2008;18;5;2;2008
1312;04/08/2007;32;8;3;2008;19;5;2;2008
1313;05/08/2007;32;8;3;2008;19;5;2;2008
1314;06/08/2007;32;8;3;2008;19;5;2;2008
1315;07/08/2007;32;8;3;2008;19;5;2;2008
1316;08/08/2007;32;8;3;2008;19;5;2;2008
1317;09/08/2007;32;8;3;2008;19;5;2;2008
1318;10/08/2007;33;8;3;2008;19;5;2;2008
1319;11/08/2007;33;8;3;2008;20;5;2;2008
1320;12/08/2007;33;8;3;2008;20;5;2;2008
1321;13/08/2007;33;8;3;2008;20;5;2;2008
1322;14/08/2007;33;8;3;2008;20;5;2;2008
1323;15/08/2007;33;8;3;2008;20;5;2;2008
1324;16/08/2007;33;8;3;2008;20;5;2;2008
1325;17/08/2007;34;8;3;2008;20;5;2;2008
1326;18/08/2007;34;8;3;2008;21;5;2;2008
1327;19/08/2007;34;8;3;2008;21;5;2;2008
1328;20/08/2007;34;8;3;2008;21;5;2;2008
1329;21/08/2007;34;8;3;2008;21;5;2;2008
1330;22/08/2007;34;8;3;2008;21;5;2;2008
1331;23/08/2007;34;8;3;2008;21;5;2;2008
1332;24/08/2007;35;8;3;2008;21;5;2;2008
1333;25/08/2007;35;8;3;2008;22;5;2;2008
1334;26/08/2007;35;8;3;2008;22;5;2;2008
1335;27/08/2007;35;8;3;2008;22;5;2;2008
1336;28/08/2007;35;8;3;2008;22;5;2;2008
1337;29/08/2007;35;8;3;2008;22;5;2;2008
1338;30/08/2007;35;8;3;2008;22;5;2;2008
1339;31/08/2007;36;8;3;2008;22;5;2;2008
1340;01/09/2007;36;9;3;2008;23;6;2;2008
1341;02/09/2007;36;9;3;2008;23;6;2;2008
1342;03/09/2007;36;9;3;2008;23;6;2;2008
1343;04/09/2007;36;9;3;2008;23;6;2;2008
1344;05/09/2007;36;9;3;2008;23;6;2;2008
1345;06/09/2007;36;9;3;2008;23;6;2;2008
1346;07/09/2007;37;9;3;2008;23;6;2;2008
1347;08/09/2007;37;9;3;2008;24;6;2;2008
1348;09/09/2007;37;9;3;2008;24;6;2;2008
1349;10/09/2007;37;9;3;2008;24;6;2;2008
1350;11/09/2007;37;9;3;2008;24;6;2;2008
1351;12/09/2007;37;9;3;2008;24;6;2;2008
1352;13/09/2007;37;9;3;2008;24;6;2;2008
1353;14/09/2007;38;9;3;2008;24;6;2;2008
1354;15/09/2007;38;9;3;2008;25;6;2;2008
1355;16/09/2007;38;9;3;2008;25;6;2;2008
1356;17/09/2007;38;9;3;2008;25;6;2;2008
1357;18/09/2007;38;9;3;2008;25;6;2;2008
1358;19/09/2007;38;9;3;2008;25;6;2;2008
1359;20/09/2007;38;9;3;2008;25;6;2;2008
1360;21/09/2007;39;9;3;2008;25;6;2;2008
1361;22/09/2007;39;9;3;2008;26;6;2;2008
1362;23/09/2007;39;9;3;2008;26;6;2;2008
1363;24/09/2007;39;9;3;2008;26;6;2;2008
1364;25/09/2007;39;9;3;2008;26;6;2;2008
1365;26/09/2007;39;9;3;2008;26;6;2;2008
1366;27/09/2007;39;9;3;2008;26;6;2;2008
1367;28/09/2007;40;9;3;2008;26;6;2;2008
1368;29/09/2007;40;9;3;2008;27;6;2;2008
1369;30/09/2007;40;9;3;2008;27;6;2;2008
1370;01/10/2007;40;10;4;2008;27;7;3;2008
1371;02/10/2007;40;10;4;2008;27;7;3;2008
1372;03/10/2007;40;10;4;2008;27;7;3;2008
1373;04/10/2007;40;10;4;2008;27;7;3;2008
1374;05/10/2007;41;10;4;2008;27;7;3;2008
1375;06/10/2007;41;10;4;2008;28;7;3;2008
1376;07/10/2007;41;10;4;2008;28;7;3;2008
1377;08/10/2007;41;10;4;2008;28;7;3;2008
1378;09/10/2007;41;10;4;2008;28;7;3;2008
1379;10/10/2007;41;10;4;2008;28;7;3;2008
1380;11/10/2007;41;10;4;2008;28;7;3;2008
1381;12/10/2007;42;10;4;2008;28;7;3;2008
1382;13/10/2007;42;10;4;2008;29;7;3;2008
1383;14/10/2007;42;10;4;2008;29;7;3;2008
1384;15/10/2007;42;10;4;2008;29;7;3;2008
1385;16/10/2007;42;10;4;2008;29;7;3;2008
1386;17/10/2007;42;10;4;2008;29;7;3;2008
1387;18/10/2007;42;10;4;2008;29;7;3;2008
1388;19/10/2007;43;10;4;2008;29;7;3;2008
1389;20/10/2007;43;10;4;2008;30;7;3;2008
1390;21/10/2007;43;10;4;2008;30;7;3;2008
1391;22/10/2007;43;10;4;2008;30;7;3;2008
1392;23/10/2007;43;10;4;2008;30;7;3;2008
1393;24/10/2007;43;10;4;2008;30;7;3;2008
1394;25/10/2007;43;10;4;2008;30;7;3;2008
1395;26/10/2007;44;10;4;2008;30;7;3;2008
1396;27/10/2007;44;10;4;2008;31;7;3;2008
1397;28/10/2007;44;10;4;2008;31;7;3;2008
1398;29/10/2007;44;10;4;2008;31;7;3;2008
1399;30/10/2007;44;10;4;2008;31;7;3;2008
1400;31/10/2007;44;10;4;2008;31;7;3;2008
1401;01/11/2007;44;11;4;2008;31;8;3;2008
1402;02/11/2007;45;11;4;2008;31;8;3;2008
1403;03/11/2007;45;11;4;2008;32;8;3;2008
1404;04/11/2007;45;11;4;2008;32;8;3;2008
1405;05/11/2007;45;11;4;2008;32;8;3;2008
1406;06/11/2007;45;11;4;2008;32;8;3;2008
1407;07/11/2007;45;11;4;2008;32;8;3;2008
1408;08/11/2007;45;11;4;2008;32;8;3;2008
1409;09/11/2007;46;11;4;2008;32;8;3;2008
1410;10/11/2007;46;11;4;2008;33;8;3;2008
1411;11/11/2007;46;11;4;2008;33;8;3;2008
1412;12/11/2007;46;11;4;2008;33;8;3;2008
1413;13/11/2007;46;11;4;2008;33;8;3;2008
1414;14/11/2007;46;11;4;2008;33;8;3;2008
1415;15/11/2007;46;11;4;2008;33;8;3;2008
1416;16/11/2007;47;11;4;2008;33;8;3;2008
1417;17/11/2007;47;11;4;2008;34;8;3;2008
1418;18/11/2007;47;11;4;2008;34;8;3;2008
1419;19/11/2007;47;11;4;2008;34;8;3;2008
1420;20/11/2007;47;11;4;2008;34;8;3;2008
1421;21/11/2007;47;11;4;2008;34;8;3;2008
1422;22/11/2007;47;11;4;2008;34;8;3;2008
1423;23/11/2007;48;11;4;2008;34;8;3;2008
1424;24/11/2007;48;11;4;2008;35;8;3;2008
1425;25/11/2007;48;11;4;2008;35;8;3;2008
1426;26/11/2007;48;11;4;2008;35;8;3;2008
1427;27/11/2007;48;11;4;2008;35;8;3;2008
1428;28/11/2007;48;11;4;2008;35;8;3;2008
1429;29/11/2007;48;11;4;2008;35;8;3;2008
1430;30/11/2007;49;11;4;2008;35;8;3;2008
1431;01/12/2007;49;12;4;2008;36;8;3;2008
1432;02/12/2007;49;12;4;2008;36;9;3;2008
1433;03/12/2007;49;12;4;2008;36;9;3;2008
1434;04/12/2007;49;12;4;2008;36;9;3;2008
1435;05/12/2007;49;12;4;2008;36;9;3;2008
1436;06/12/2007;49;12;4;2008;36;9;3;2008
1437;07/12/2007;50;12;4;2008;36;9;3;2008
1438;08/12/2007;50;12;4;2008;37;9;3;2008
1439;09/12/2007;50;12;4;2008;37;9;3;2008
1440;10/12/2007;50;12;4;2008;37;9;3;2008
1441;11/12/2007;50;12;4;2008;37;9;3;2008
1442;12/12/2007;50;12;4;2008;37;9;3;2008
1443;13/12/2007;50;12;4;2008;37;9;3;2008
1444;14/12/2007;51;12;4;2008;37;9;3;2008
1445;15/12/2007;51;12;4;2008;38;9;3;2008
1446;16/12/2007;51;12;4;2008;38;9;3;2008
1447;17/12/2007;51;12;4;2008;38;9;3;2008
1448;18/12/2007;51;12;4;2008;38;9;3;2008
1449;19/12/2007;51;12;4;2008;38;9;3;2008
1450;20/12/2007;51;12;4;2008;38;9;3;2008
1451;21/12/2007;52;12;4;2008;38;9;3;2008
1452;22/12/2007;52;12;4;2008;39;9;3;2008
1453;23/12/2007;52;12;4;2008;39;9;3;2008
1454;24/12/2007;52;12;4;2008;39;9;3;2008
1455;25/12/2007;52;12;4;2008;39;9;3;2008
1456;26/12/2007;52;12;4;2008;39;9;3;2008
1457;27/12/2007;52;12;4;2008;39;9;3;2008
1458;28/12/2007;53;12;4;2008;39;9;3;2008
1459;29/12/2007;53;12;4;2008;40;9;3;2008
1460;30/12/2007;53;12;4;2008;40;9;3;2008
1461;31/12/2007;53;12;4;2008;40;9;3;2008
1462;01/01/2008;1;1;1;2009;40;10;4;2008
1463;02/01/2008;1;1;1;2009;40;10;4;2008
1464;03/01/2008;1;1;1;2009;40;10;4;2008
1465;04/01/2008;2;1;1;2009;40;10;4;2008
1466;05/01/2008;2;1;1;2009;41;10;4;2008
1467;06/01/2008;2;1;1;2009;41;10;4;2008
1468;07/01/2008;2;1;1;2009;41;10;4;2008
1469;08/01/2008;2;1;1;2009;41;10;4;2008
1470;09/01/2008;2;1;1;2009;41;10;4;2008
1471;10/01/2008;2;1;1;2009;41;10;4;2008
1472;11/01/2008;3;1;1;2009;41;10;4;2008
1473;12/01/2008;3;1;1;2009;42;10;4;2008
1474;13/01/2008;3;1;1;2009;42;10;4;2008
1475;14/01/2008;3;1;1;2009;42;10;4;2008
1476;15/01/2008;3;1;1;2009;42;10;4;2008
1477;16/01/2008;3;1;1;2009;42;10;4;2008
1478;17/01/2008;3;1;1;2009;42;10;4;2008
1479;18/01/2008;4;1;1;2009;42;10;4;2008
1480;19/01/2008;4;1;1;2009;43;10;4;2008
1481;20/01/2008;4;1;1;2009;43;10;4;2008
1482;21/01/2008;4;1;1;2009;43;10;4;2008
1483;22/01/2008;4;1;1;2009;43;10;4;2008
1484;23/01/2008;4;1;1;2009;43;10;4;2008
1485;24/01/2008;4;1;1;2009;43;10;4;2008
1486;25/01/2008;5;1;1;2009;43;10;4;2008
1487;26/01/2008;5;1;1;2009;44;10;4;2008
1488;27/01/2008;5;1;1;2009;44;10;4;2008
1489;28/01/2008;5;1;1;2009;44;10;4;2008
1490;29/01/2008;5;1;1;2009;44;10;4;2008
1491;30/01/2008;5;1;1;2009;44;10;4;2008
1492;31/01/2008;5;1;1;2009;44;10;4;2008
1493;01/02/2008;6;2;1;2009;44;11;4;2008
1494;02/02/2008;6;2;1;2009;45;11;4;2008
1495;03/02/2008;6;2;1;2009;45;11;4;2008
1496;04/02/2008;6;2;1;2009;45;11;4;2008
1497;05/02/2008;6;2;1;2009;45;11;4;2008
1498;06/02/2008;6;2;1;2009;45;11;4;2008
1499;07/02/2008;6;2;1;2009;45;11;4;2008
1500;08/02/2008;7;2;1;2009;45;11;4;2008
1501;09/02/2008;7;2;1;2009;46;11;4;2008
1502;10/02/2008;7;2;1;2009;46;11;4;2008
1503;11/02/2008;7;2;1;2009;46;11;4;2008
1504;12/02/2008;7;2;1;2009;46;11;4;2008
1505;13/02/2008;7;2;1;2009;46;11;4;2008
1506;14/02/2008;7;2;1;2009;46;11;4;2008
1507;15/02/2008;8;2;1;2009;46;11;4;2008
1508;16/02/2008;8;2;1;2009;47;11;4;2008
1509;17/02/2008;8;2;1;2009;47;11;4;2008
1510;18/02/2008;8;2;1;2009;47;11;4;2008
1511;19/02/2008;8;2;1;2009;47;11;4;2008
1512;20/02/2008;8;2;1;2009;47;11;4;2008
1513;21/02/2008;8;2;1;2009;47;11;4;2008
1514;22/02/2008;9;2;1;2009;47;11;4;2008
1515;23/02/2008;9;2;1;2009;48;11;4;2008
1516;24/02/2008;9;2;1;2009;48;11;4;2008
1517;25/02/2008;9;2;1;2009;48;11;4;2008
1518;26/02/2008;9;2;1;2009;48;11;4;2008
1519;27/02/2008;9;2;1;2009;48;11;4;2008
1520;28/02/2008;9;2;1;2009;48;11;4;2008
1521;29/02/2008;10;3;1;2009;48;11;4;2008
1522;01/03/2008;10;3;1;2009;49;11;4;2008
1523;02/03/2008;10;3;1;2009;49;12;4;2008
1524;03/03/2008;10;3;1;2009;49;12;4;2008
1525;04/03/2008;10;3;1;2009;49;12;4;2008
1526;05/03/2008;10;3;1;2009;49;12;4;2008
1527;06/03/2008;10;3;1;2009;49;12;4;2008
1528;07/03/2008;11;3;1;2009;49;12;4;2008
1529;08/03/2008;11;3;1;2009;50;12;4;2008
1530;09/03/2008;11;3;1;2009;50;12;4;2008
1531;10/03/2008;11;3;1;2009;50;12;4;2008
1532;11/03/2008;11;3;1;2009;50;12;4;2008
1533;12/03/2008;11;3;1;2009;50;12;4;2008
1534;13/03/2008;11;3;1;2009;50;12;4;2008
1535;14/03/2008;12;3;1;2009;50;12;4;2008
1536;15/03/2008;12;3;1;2009;51;12;4;2008
1537;16/03/2008;12;3;1;2009;51;12;4;2008
1538;17/03/2008;12;3;1;2009;51;12;4;2008
1539;18/03/2008;12;3;1;2009;51;12;4;2008
1540;19/03/2008;12;3;1;2009;51;12;4;2008
1541;20/03/2008;12;3;1;2009;51;12;4;2008
1542;21/03/2008;13;3;1;2009;51;12;4;2008
1543;22/03/2008;13;3;1;2009;52;12;4;2008
1544;23/03/2008;13;3;1;2009;52;12;4;2008
1545;24/03/2008;13;3;1;2009;52;12;4;2008
1546;25/03/2008;13;3;1;2009;52;12;4;2008
1547;26/03/2008;13;3;1;2009;52;12;4;2008
1548;27/03/2008;13;3;1;2009;52;12;4;2008
1549;28/03/2008;14;3;1;2009;52;12;4;2008
1550;29/03/2008;14;3;1;2009;53;12;4;2008
1551;30/03/2008;14;3;1;2009;53;12;4;2008
1552;31/03/2008;14;4;2;2009;53;12;4;2008
1553;01/04/2008;14;4;2;2009;53;12;4;2008
1554;02/04/2008;14;4;2;2009;1;1;1;2009
1555;03/04/2008;14;4;2;2009;1;1;1;2009
1556;04/04/2008;15;4;2;2009;1;1;1;2009
1557;05/04/2008;15;4;2;2009;2;1;1;2009
1558;06/04/2008;15;4;2;2009;2;1;1;2009
1559;07/04/2008;15;4;2;2009;2;1;1;2009
1560;08/04/2008;15;4;2;2009;2;1;1;2009
1561;09/04/2008;15;4;2;2009;2;1;1;2009
1562;10/04/2008;15;4;2;2009;2;1;1;2009
1563;11/04/2008;16;4;2;2009;2;1;1;2009
1564;12/04/2008;16;4;2;2009;3;1;1;2009
1565;13/04/2008;16;4;2;2009;3;1;1;2009
1566;14/04/2008;16;4;2;2009;3;1;1;2009
1567;15/04/2008;16;4;2;2009;3;1;1;2009
1568;16/04/2008;16;4;2;2009;3;1;1;2009
1569;17/04/2008;16;4;2;2009;3;1;1;2009
1570;18/04/2008;17;4;2;2009;3;1;1;2009
1571;19/04/2008;17;4;2;2009;4;1;1;2009
1572;20/04/2008;17;4;2;2009;4;1;1;2009
1573;21/04/2008;17;4;2;2009;4;1;1;2009
1574;22/04/2008;17;4;2;2009;4;1;1;2009
1575;23/04/2008;17;4;2;2009;4;1;1;2009
1576;24/04/2008;17;4;2;2009;4;1;1;2009
1577;25/04/2008;18;4;2;2009;4;1;1;2009
1578;26/04/2008;18;4;2;2009;5;1;1;2009
1579;27/04/2008;18;4;2;2009;5;1;1;2009
1580;28/04/2008;18;4;2;2009;5;1;1;2009
1581;29/04/2008;18;4;2;2009;5;1;1;2009
1582;30/04/2008;18;5;2;2009;5;1;1;2009
1583;01/05/2008;18;5;2;2009;5;1;1;2009
1584;02/05/2008;19;5;2;2009;5;1;1;2009
1585;03/05/2008;19;5;2;2009;6;2;1;2009
1586;04/05/2008;19;5;2;2009;6;2;1;2009
1587;05/05/2008;19;5;2;2009;6;2;1;2009
1588;06/05/2008;19;5;2;2009;6;2;1;2009
1589;07/05/2008;19;5;2;2009;6;2;1;2009
1590;08/05/2008;19;5;2;2009;6;2;1;2009
1591;09/05/2008;20;5;2;2009;6;2;1;2009
1592;10/05/2008;20;5;2;2009;7;2;1;2009
1593;11/05/2008;20;5;2;2009;7;2;1;2009
1594;12/05/2008;20;5;2;2009;7;2;1;2009
1595;13/05/2008;20;5;2;2009;7;2;1;2009
1596;14/05/2008;20;5;2;2009;7;2;1;2009
1597;15/05/2008;20;5;2;2009;7;2;1;2009
1598;16/05/2008;21;5;2;2009;7;2;1;2009
1599;17/05/2008;21;5;2;2009;8;2;1;2009
1600;18/05/2008;21;5;2;2009;8;2;1;2009
1601;19/05/2008;21;5;2;2009;8;2;1;2009
1602;20/05/2008;21;5;2;2009;8;2;1;2009
1603;21/05/2008;21;5;2;2009;8;2;1;2009
1604;22/05/2008;21;5;2;2009;8;2;1;2009
1605;23/05/2008;22;5;2;2009;8;2;1;2009
1606;24/05/2008;22;5;2;2009;9;2;1;2009
1607;25/05/2008;22;5;2;2009;9;2;1;2009
1608;26/05/2008;22;5;2;2009;9;2;1;2009
1609;27/05/2008;22;5;2;2009;9;2;1;2009
1610;28/05/2008;22;5;2;2009;9;2;1;2009
1611;29/05/2008;22;5;2;2009;9;2;1;2009
1612;30/05/2008;23;5;2;2009;9;2;1;2009
1613;31/05/2008;23;6;2;2009;10;3;1;2009
1614;01/06/2008;23;6;2;2009;10;3;1;2009
1615;02/06/2008;23;6;2;2009;10;3;1;2009
1616;03/06/2008;23;6;2;2009;10;3;1;2009
1617;04/06/2008;23;6;2;2009;10;3;1;2009
1618;05/06/2008;23;6;2;2009;10;3;1;2009
1619;06/06/2008;24;6;2;2009;10;3;1;2009
1620;07/06/2008;24;6;2;2009;11;3;1;2009
1621;08/06/2008;24;6;2;2009;11;3;1;2009
1622;09/06/2008;24;6;2;2009;11;3;1;2009
1623;10/06/2008;24;6;2;2009;11;3;1;2009
1624;11/06/2008;24;6;2;2009;11;3;1;2009
1625;12/06/2008;24;6;2;2009;11;3;1;2009
1626;13/06/2008;25;6;2;2009;11;3;1;2009
1627;14/06/2008;25;6;2;2009;12;3;1;2009
1628;15/06/2008;25;6;2;2009;12;3;1;2009
1629;16/06/2008;25;6;2;2009;12;3;1;2009
1630;17/06/2008;25;6;2;2009;12;3;1;2009
1631;18/06/2008;25;6;2;2009;12;3;1;2009
1632;19/06/2008;25;6;2;2009;12;3;1;2009
1633;20/06/2008;26;6;2;2009;12;3;1;2009
1634;21/06/2008;26;6;2;2009;13;3;1;2009
1635;22/06/2008;26;6;2;2009;13;3;1;2009
1636;23/06/2008;26;6;2;2009;13;3;1;2009
1637;24/06/2008;26;6;2;2009;13;3;1;2009
1638;25/06/2008;26;6;2;2009;13;3;1;2009
1639;26/06/2008;26;6;2;2009;13;3;1;2009
1640;27/06/2008;27;6;2;2009;13;3;1;2009
1641;28/06/2008;27;6;2;2009;14;3;1;2009
1642;29/06/2008;27;6;2;2009;14;3;1;2009
1643;30/06/2008;27;7;3;2009;14;3;1;2009
1644;01/07/2008;27;7;3;2009;14;4;2;2009
1645;02/07/2008;27;7;3;2009;14;4;2;2009
1646;03/07/2008;27;7;3;2009;14;4;2;2009
1647;04/07/2008;28;7;3;2009;14;4;2;2009
1648;05/07/2008;28;7;3;2009;15;4;2;2009
1649;06/07/2008;28;7;3;2009;15;4;2;2009
1650;07/07/2008;28;7;3;2009;15;4;2;2009
1651;08/07/2008;28;7;3;2009;15;4;2;2009
1652;09/07/2008;28;7;3;2009;15;4;2;2009
1653;10/07/2008;28;7;3;2009;15;4;2;2009
1654;11/07/2008;29;7;3;2009;15;4;2;2009
1655;12/07/2008;29;7;3;2009;16;4;2;2009
1656;13/07/2008;29;7;3;2009;16;4;2;2009
1657;14/07/2008;29;7;3;2009;16;4;2;2009
1658;15/07/2008;29;7;3;2009;16;4;2;2009
1659;16/07/2008;29;7;3;2009;16;4;2;2009
1660;17/07/2008;29;7;3;2009;16;4;2;2009
1661;18/07/2008;30;7;3;2009;16;4;2;2009
1662;19/07/2008;30;7;3;2009;17;4;2;2009
1663;20/07/2008;30;7;3;2009;17;4;2;2009
1664;21/07/2008;30;7;3;2009;17;4;2;2009
1665;22/07/2008;30;7;3;2009;17;4;2;2009
1666;23/07/2008;30;7;3;2009;17;4;2;2009
1667;24/07/2008;30;7;3;2009;17;4;2;2009
1668;25/07/2008;31;7;3;2009;17;4;2;2009
1669;26/07/2008;31;7;3;2009;18;4;2;2009
1670;27/07/2008;31;7;3;2009;18;4;2;2009
1671;28/07/2008;31;7;3;2009;18;4;2;2009
1672;29/07/2008;31;7;3;2009;18;4;2;2009
1673;30/07/2008;31;7;3;2009;18;4;2;2009
1674;31/07/2008;31;8;3;2009;18;5;2;2009
1675;01/08/2008;32;8;3;2009;18;5;2;2009
1676;02/08/2008;32;8;3;2009;19;5;2;2009
1677;03/08/2008;32;8;3;2009;19;5;2;2009
1678;04/08/2008;32;8;3;2009;19;5;2;2009
1679;05/08/2008;32;8;3;2009;19;5;2;2009
1680;06/08/2008;32;8;3;2009;19;5;2;2009
1681;07/08/2008;32;8;3;2009;19;5;2;2009
1682;08/08/2008;33;8;3;2009;19;5;2;2009
1683;09/08/2008;33;8;3;2009;20;5;2;2009
1684;10/08/2008;33;8;3;2009;20;5;2;2009
1685;11/08/2008;33;8;3;2009;20;5;2;2009
1686;12/08/2008;33;8;3;2009;20;5;2;2009
1687;13/08/2008;33;8;3;2009;20;5;2;2009
1688;14/08/2008;33;8;3;2009;20;5;2;2009
1689;15/08/2008;34;8;3;2009;20;5;2;2009
1690;16/08/2008;34;8;3;2009;21;5;2;2009
1691;17/08/2008;34;8;3;2009;21;5;2;2009
1692;18/08/2008;34;8;3;2009;21;5;2;2009
1693;19/08/2008;34;8;3;2009;21;5;2;2009
1694;20/08/2008;34;8;3;2009;21;5;2;2009
1695;21/08/2008;34;8;3;2009;21;5;2;2009
1696;22/08/2008;35;8;3;2009;21;5;2;2009
1697;23/08/2008;35;8;3;2009;22;5;2;2009
1698;24/08/2008;35;8;3;2009;22;5;2;2009
1699;25/08/2008;35;8;3;2009;22;5;2;2009
1700;26/08/2008;35;8;3;2009;22;5;2;2009
1701;27/08/2008;35;8;3;2009;22;5;2;2009
1702;28/08/2008;35;8;3;2009;22;5;2;2009
1703;29/08/2008;36;8;3;2009;22;5;2;2009
1704;30/08/2008;36;8;3;2009;23;5;2;2009
1705;31/08/2008;36;9;3;2009;23;6;2;2009
1706;01/09/2008;36;9;3;2009;23;6;2;2009
1707;02/09/2008;36;9;3;2009;23;6;2;2009
1708;03/09/2008;36;9;3;2009;23;6;2;2009
1709;04/09/2008;36;9;3;2009;23;6;2;2009
1710;05/09/2008;37;9;3;2009;23;6;2;2009
1711;06/09/2008;37;9;3;2009;24;6;2;2009
1712;07/09/2008;37;9;3;2009;24;6;2;2009
1713;08/09/2008;37;9;3;2009;24;6;2;2009
1714;09/09/2008;37;9;3;2009;24;6;2;2009
1715;10/09/2008;37;9;3;2009;24;6;2;2009
1716;11/09/2008;37;9;3;2009;24;6;2;2009
1717;12/09/2008;38;9;3;2009;24;6;2;2009
1718;13/09/2008;38;9;3;2009;25;6;2;2009
1719;14/09/2008;38;9;3;2009;25;6;2;2009
1720;15/09/2008;38;9;3;2009;25;6;2;2009
1721;16/09/2008;38;9;3;2009;25;6;2;2009
1722;17/09/2008;38;9;3;2009;25;6;2;2009
1723;18/09/2008;38;9;3;2009;25;6;2;2009
1724;19/09/2008;39;9;3;2009;25;6;2;2009
1725;20/09/2008;39;9;3;2009;26;6;2;2009
1726;21/09/2008;39;9;3;2009;26;6;2;2009
1727;22/09/2008;39;9;3;2009;26;6;2;2009
1728;23/09/2008;39;9;3;2009;26;6;2;2009
1729;24/09/2008;39;9;3;2009;26;6;2;2009
1730;25/09/2008;39;9;3;2009;26;6;2;2009
1731;26/09/2008;40;9;3;2009;26;6;2;2009
1732;27/09/2008;40;9;3;2009;27;6;2;2009
1733;28/09/2008;40;9;3;2009;27;6;2;2009
1734;29/09/2008;40;9;3;2009;27;6;2;2009
1735;30/09/2008;40;10;4;2009;27;7;3;2009
1736;01/10/2008;40;10;4;2009;27;7;3;2009
1737;02/10/2008;40;10;4;2009;27;7;3;2009
1738;03/10/2008;41;10;4;2009;27;7;3;2009
1739;04/10/2008;41;10;4;2009;28;7;3;2009
1740;05/10/2008;41;10;4;2009;28;7;3;2009
1741;06/10/2008;41;10;4;2009;28;7;3;2009
1742;07/10/2008;41;10;4;2009;28;7;3;2009
1743;08/10/2008;41;10;4;2009;28;7;3;2009
1744;09/10/2008;41;10;4;2009;28;7;3;2009
1745;10/10/2008;42;10;4;2009;28;7;3;2009
1746;11/10/2008;42;10;4;2009;29;7;3;2009
1747;12/10/2008;42;10;4;2009;29;7;3;2009
1748;13/10/2008;42;10;4;2009;29;7;3;2009
1749;14/10/2008;42;10;4;2009;29;7;3;2009
1750;15/10/2008;42;10;4;2009;29;7;3;2009
1751;16/10/2008;42;10;4;2009;29;7;3;2009
1752;17/10/2008;43;10;4;2009;29;7;3;2009
1753;18/10/2008;43;10;4;2009;30;7;3;2009
1754;19/10/2008;43;10;4;2009;30;7;3;2009
1755;20/10/2008;43;10;4;2009;30;7;3;2009
1756;21/10/2008;43;10;4;2009;30;7;3;2009
1757;22/10/2008;43;10;4;2009;30;7;3;2009
1758;23/10/2008;43;10;4;2009;30;7;3;2009
1759;24/10/2008;44;10;4;2009;30;7;3;2009
1760;25/10/2008;44;10;4;2009;31;7;3;2009
1761;26/10/2008;44;10;4;2009;31;7;3;2009
1762;27/10/2008;44;10;4;2009;31;7;3;2009
1763;28/10/2008;44;10;4;2009;31;7;3;2009
1764;29/10/2008;44;10;4;2009;31;7;3;2009
1765;30/10/2008;44;10;4;2009;31;7;3;2009
1766;31/10/2008;45;11;4;2009;31;8;3;2009
1767;01/11/2008;45;11;4;2009;32;8;3;2009
1768;02/11/2008;45;11;4;2009;32;8;3;2009
1769;03/11/2008;45;11;4;2009;32;8;3;2009
1770;04/11/2008;45;11;4;2009;32;8;3;2009
1771;05/11/2008;45;11;4;2009;32;8;3;2009
1772;06/11/2008;45;11;4;2009;32;8;3;2009
1773;07/11/2008;46;11;4;2009;32;8;3;2009
1774;08/11/2008;46;11;4;2009;33;8;3;2009
1775;09/11/2008;46;11;4;2009;33;8;3;2009
1776;10/11/2008;46;11;4;2009;33;8;3;2009
1777;11/11/2008;46;11;4;2009;33;8;3;2009
1778;12/11/2008;46;11;4;2009;33;8;3;2009
1779;13/11/2008;46;11;4;2009;33;8;3;2009
1780;14/11/2008;47;11;4;2009;33;8;3;2009
1781;15/11/2008;47;11;4;2009;34;8;3;2009
1782;16/11/2008;47;11;4;2009;34;8;3;2009
1783;17/11/2008;47;11;4;2009;34;8;3;2009
1784;18/11/2008;47;11;4;2009;34;8;3;2009
1785;19/11/2008;47;11;4;2009;34;8;3;2009
1786;20/11/2008;47;11;4;2009;34;8;3;2009
1787;21/11/2008;48;11;4;2009;34;8;3;2009
1788;22/11/2008;48;11;4;2009;35;8;3;2009
1789;23/11/2008;48;11;4;2009;35;8;3;2009
1790;24/11/2008;48;11;4;2009;35;8;3;2009
1791;25/11/2008;48;11;4;2009;35;8;3;2009
1792;26/11/2008;48;11;4;2009;35;8;3;2009
1793;27/11/2008;48;11;4;2009;35;8;3;2009
1794;28/11/2008;49;11;4;2009;35;8;3;2009
1795;29/11/2008;49;11;4;2009;36;8;3;2009
1796;30/11/2008;49;12;4;2009;36;8;3;2009
1797;01/12/2008;49;12;4;2009;36;9;3;2009
1798;02/12/2008;49;12;4;2009;36;9;3;2009
1799;03/12/2008;49;12;4;2009;36;9;3;2009
1800;04/12/2008;49;12;4;2009;36;9;3;2009
1801;05/12/2008;50;12;4;2009;36;9;3;2009
1802;06/12/2008;50;12;4;2009;37;9;3;2009
1803;07/12/2008;50;12;4;2009;37;9;3;2009
1804;08/12/2008;50;12;4;2009;37;9;3;2009
1805;09/12/2008;50;12;4;2009;37;9;3;2009
1806;10/12/2008;50;12;4;2009;37;9;3;2009
1807;11/12/2008;50;12;4;2009;37;9;3;2009
1808;12/12/2008;51;12;4;2009;37;9;3;2009
1809;13/12/2008;51;12;4;2009;38;9;3;2009
1810;14/12/2008;51;12;4;2009;38;9;3;2009
1811;15/12/2008;51;12;4;2009;38;9;3;2009
1812;16/12/2008;51;12;4;2009;38;9;3;2009
1813;17/12/2008;51;12;4;2009;38;9;3;2009
1814;18/12/2008;51;12;4;2009;38;9;3;2009
1815;19/12/2008;52;12;4;2009;38;9;3;2009
1816;20/12/2008;52;12;4;2009;39;9;3;2009
1817;21/12/2008;52;12;4;2009;39;9;3;2009
1818;22/12/2008;52;12;4;2009;39;9;3;2009
1819;23/12/2008;52;12;4;2009;39;9;3;2009
1820;24/12/2008;52;12;4;2009;39;9;3;2009
1821;25/12/2008;52;12;4;2009;39;9;3;2009
1822;26/12/2008;53;12;4;2009;39;9;3;2009
1823;27/12/2008;53;12;4;2009;40;9;3;2009
1824;28/12/2008;53;12;4;2009;40;9;3;2009
1825;29/12/2008;53;12;4;2009;40;9;3;2009
1826;30/12/2008;53;12;4;2009;40;9;3;2009
1827;31/12/2008;1;1;1;2010;40;10;4;2009
1828;01/01/2009;1;1;1;2010;40;10;4;2009
1829;02/01/2009;2;1;1;2010;40;10;4;2009
1830;03/01/2009;2;1;1;2010;41;10;4;2009
1831;04/01/2009;2;1;1;2010;41;10;4;2009
1832;05/01/2009;2;1;1;2010;41;10;4;2009
1833;06/01/2009;2;1;1;2010;41;10;4;2009
1834;07/01/2009;2;1;1;2010;41;10;4;2009
1835;08/01/2009;2;1;1;2010;41;10;4;2009
1836;09/01/2009;3;1;1;2010;41;10;4;2009
1837;10/01/2009;3;1;1;2010;42;10;4;2009
1838;11/01/2009;3;1;1;2010;42;10;4;2009
1839;12/01/2009;3;1;1;2010;42;10;4;2009
1840;13/01/2009;3;1;1;2010;42;10;4;2009
1841;14/01/2009;3;1;1;2010;42;10;4;2009
1842;15/01/2009;3;1;1;2010;42;10;4;2009
1843;16/01/2009;4;1;1;2010;42;10;4;2009
1844;17/01/2009;4;1;1;2010;43;10;4;2009
1845;18/01/2009;4;1;1;2010;43;10;4;2009
1846;19/01/2009;4;1;1;2010;43;10;4;2009
1847;20/01/2009;4;1;1;2010;43;10;4;2009
1848;21/01/2009;4;1;1;2010;43;10;4;2009
1849;22/01/2009;4;1;1;2010;43;10;4;2009
1850;23/01/2009;5;1;1;2010;43;10;4;2009
1851;24/01/2009;5;1;1;2010;44;10;4;2009
1852;25/01/2009;5;1;1;2010;44;10;4;2009
1853;26/01/2009;5;1;1;2010;44;10;4;2009
1854;27/01/2009;5;1;1;2010;44;10;4;2009
1855;28/01/2009;5;1;1;2010;44;10;4;2009
1856;29/01/2009;5;1;1;2010;44;10;4;2009
1857;30/01/2009;6;1;1;2010;44;10;4;2009
1858;31/01/2009;6;2;1;2010;45;11;4;2009
1859;01/02/2009;6;2;1;2010;45;11;4;2009
1860;02/02/2009;6;2;1;2010;45;11;4;2009
1861;03/02/2009;6;2;1;2010;45;11;4;2009
1862;04/02/2009;6;2;1;2010;45;11;4;2009
1863;05/02/2009;6;2;1;2010;45;11;4;2009
1864;06/02/2009;7;2;1;2010;45;11;4;2009
1865;07/02/2009;7;2;1;2010;46;11;4;2009
1866;08/02/2009;7;2;1;2010;46;11;4;2009
1867;09/02/2009;7;2;1;2010;46;11;4;2009
1868;10/02/2009;7;2;1;2010;46;11;4;2009
1869;11/02/2009;7;2;1;2010;46;11;4;2009
1870;12/02/2009;7;2;1;2010;46;11;4;2009
1871;13/02/2009;8;2;1;2010;46;11;4;2009
1872;14/02/2009;8;2;1;2010;47;11;4;2009
1873;15/02/2009;8;2;1;2010;47;11;4;2009
1874;16/02/2009;8;2;1;2010;47;11;4;2009
1875;17/02/2009;8;2;1;2010;47;11;4;2009
1876;18/02/2009;8;2;1;2010;47;11;4;2009
1877;19/02/2009;8;2;1;2010;47;11;4;2009
1878;20/02/2009;9;2;1;2010;47;11;4;2009
1879;21/02/2009;9;2;1;2010;48;11;4;2009
1880;22/02/2009;9;2;1;2010;48;11;4;2009
1881;23/02/2009;9;2;1;2010;48;11;4;2009
1882;24/02/2009;9;2;1;2010;48;11;4;2009
1883;25/02/2009;9;2;1;2010;48;11;4;2009
1884;26/02/2009;9;2;1;2010;48;11;4;2009
1885;27/02/2009;10;2;1;2010;48;11;4;2009
1886;28/02/2009;10;3;1;2010;49;11;4;2009
1887;01/03/2009;10;3;1;2010;49;11;4;2009
1888;02/03/2009;10;3;1;2010;49;12;4;2009
1889;03/03/2009;10;3;1;2010;49;12;4;2009
1890;04/03/2009;10;3;1;2010;49;12;4;2009
1891;05/03/2009;10;3;1;2010;49;12;4;2009
1892;06/03/2009;11;3;1;2010;49;12;4;2009
1893;07/03/2009;11;3;1;2010;50;12;4;2009
1894;08/03/2009;11;3;1;2010;50;12;4;2009
1895;09/03/2009;11;3;1;2010;50;12;4;2009
1896;10/03/2009;11;3;1;2010;50;12;4;2009
1897;11/03/2009;11;3;1;2010;50;12;4;2009
1898;12/03/2009;11;3;1;2010;50;12;4;2009
1899;13/03/2009;12;3;1;2010;50;12;4;2009
1900;14/03/2009;12;3;1;2010;51;12;4;2009
1901;15/03/2009;12;3;1;2010;51;12;4;2009
1902;16/03/2009;12;3;1;2010;51;12;4;2009
1903;17/03/2009;12;3;1;2010;51;12;4;2009
1904;18/03/2009;12;3;1;2010;51;12;4;2009
1905;19/03/2009;12;3;1;2010;51;12;4;2009
1906;20/03/2009;13;3;1;2010;51;12;4;2009
1907;21/03/2009;13;3;1;2010;52;12;4;2009
1908;22/03/2009;13;3;1;2010;52;12;4;2009
1909;23/03/2009;13;3;1;2010;52;12;4;2009
1910;24/03/2009;13;3;1;2010;52;12;4;2009
1911;25/03/2009;13;3;1;2010;52;12;4;2009
1912;26/03/2009;13;3;1;2010;52;12;4;2009
1913;27/03/2009;14;3;1;2010;52;12;4;2009
1914;28/03/2009;14;3;1;2010;53;12;4;2009
1915;29/03/2009;14;3;1;2010;53;12;4;2009
1916;30/03/2009;14;3;1;2010;53;12;4;2009
1917;31/03/2009;14;4;2;2010;53;12;4;2009
1918;01/04/2009;14;4;2;2010;53;12;4;2009
1919;02/04/2009;14;4;2;2010;1;1;1;2010
1920;03/04/2009;15;4;2;2010;1;1;1;2010
1921;04/04/2009;15;4;2;2010;2;1;1;2010
1922;05/04/2009;15;4;2;2010;2;1;1;2010
1923;06/04/2009;15;4;2;2010;2;1;1;2010
1924;07/04/2009;15;4;2;2010;2;1;1;2010
1925;08/04/2009;15;4;2;2010;2;1;1;2010
1926;09/04/2009;15;4;2;2010;2;1;1;2010
1927;10/04/2009;16;4;2;2010;2;1;1;2010
1928;11/04/2009;16;4;2;2010;3;1;1;2010
1929;12/04/2009;16;4;2;2010;3;1;1;2010
1930;13/04/2009;16;4;2;2010;3;1;1;2010
1931;14/04/2009;16;4;2;2010;3;1;1;2010
1932;15/04/2009;16;4;2;2010;3;1;1;2010
1933;16/04/2009;16;4;2;2010;3;1;1;2010
1934;17/04/2009;17;4;2;2010;3;1;1;2010
1935;18/04/2009;17;4;2;2010;4;1;1;2010
1936;19/04/2009;17;4;2;2010;4;1;1;2010
1937;20/04/2009;17;4;2;2010;4;1;1;2010
1938;21/04/2009;17;4;2;2010;4;1;1;2010
1939;22/04/2009;17;4;2;2010;4;1;1;2010
1940;23/04/2009;17;4;2;2010;4;1;1;2010
1941;24/04/2009;18;4;2;2010;4;1;1;2010
1942;25/04/2009;18;4;2;2010;5;1;1;2010
1943;26/04/2009;18;4;2;2010;5;1;1;2010
1944;27/04/2009;18;4;2;2010;5;1;1;2010
1945;28/04/2009;18;4;2;2010;5;1;1;2010
1946;29/04/2009;18;4;2;2010;5;1;1;2010
1947;30/04/2009;18;5;2;2010;5;1;1;2010
1948;01/05/2009;19;5;2;2010;5;1;1;2010
1949;02/05/2009;19;5;2;2010;6;1;1;2010
1950;03/05/2009;19;5;2;2010;6;2;1;2010
1951;04/05/2009;19;5;2;2010;6;2;1;2010
1952;05/05/2009;19;5;2;2010;6;2;1;2010
1953;06/05/2009;19;5;2;2010;6;2;1;2010
1954;07/05/2009;19;5;2;2010;6;2;1;2010
1955;08/05/2009;20;5;2;2010;6;2;1;2010
1956;09/05/2009;20;5;2;2010;7;2;1;2010
1957;10/05/2009;20;5;2;2010;7;2;1;2010
1958;11/05/2009;20;5;2;2010;7;2;1;2010
1959;12/05/2009;20;5;2;2010;7;2;1;2010
1960;13/05/2009;20;5;2;2010;7;2;1;2010
1961;14/05/2009;20;5;2;2010;7;2;1;2010
1962;15/05/2009;21;5;2;2010;7;2;1;2010
1963;16/05/2009;21;5;2;2010;8;2;1;2010
1964;17/05/2009;21;5;2;2010;8;2;1;2010
1965;18/05/2009;21;5;2;2010;8;2;1;2010
1966;19/05/2009;21;5;2;2010;8;2;1;2010
1967;20/05/2009;21;5;2;2010;8;2;1;2010
1968;21/05/2009;21;5;2;2010;8;2;1;2010
1969;22/05/2009;22;5;2;2010;8;2;1;2010
1970;23/05/2009;22;5;2;2010;9;2;1;2010
1971;24/05/2009;22;5;2;2010;9;2;1;2010
1972;25/05/2009;22;5;2;2010;9;2;1;2010
1973;26/05/2009;22;5;2;2010;9;2;1;2010
1974;27/05/2009;22;5;2;2010;9;2;1;2010
1975;28/05/2009;22;5;2;2010;9;2;1;2010
1976;29/05/2009;23;5;2;2010;9;2;1;2010
1977;30/05/2009;23;5;2;2010;10;2;1;2010
1978;31/05/2009;23;6;2;2010;10;3;1;2010
1979;01/06/2009;23;6;2;2010;10;3;1;2010
1980;02/06/2009;23;6;2;2010;10;3;1;2010
1981;03/06/2009;23;6;2;2010;10;3;1;2010
1982;04/06/2009;23;6;2;2010;10;3;1;2010
1983;05/06/2009;24;6;2;2010;10;3;1;2010
1984;06/06/2009;24;6;2;2010;11;3;1;2010
1985;07/06/2009;24;6;2;2010;11;3;1;2010
1986;08/06/2009;24;6;2;2010;11;3;1;2010
1987;09/06/2009;24;6;2;2010;11;3;1;2010
1988;10/06/2009;24;6;2;2010;11;3;1;2010
1989;11/06/2009;24;6;2;2010;11;3;1;2010
1990;12/06/2009;25;6;2;2010;11;3;1;2010
1991;13/06/2009;25;6;2;2010;12;3;1;2010
1992;14/06/2009;25;6;2;2010;12;3;1;2010
1993;15/06/2009;25;6;2;2010;12;3;1;2010
1994;16/06/2009;25;6;2;2010;12;3;1;2010
1995;17/06/2009;25;6;2;2010;12;3;1;2010
1996;18/06/2009;25;6;2;2010;12;3;1;2010
1997;19/06/2009;26;6;2;2010;12;3;1;2010
1998;20/06/2009;26;6;2;2010;13;3;1;2010
1999;21/06/2009;26;6;2;2010;13;3;1;2010
2000;22/06/2009;26;6;2;2010;13;3;1;2010
2001;23/06/2009;26;6;2;2010;13;3;1;2010
2002;24/06/2009;26;6;2;2010;13;3;1;2010
2003;25/06/2009;26;6;2;2010;13;3;1;2010
2004;26/06/2009;27;6;2;2010;13;3;1;2010
2005;27/06/2009;27;6;2;2010;14;3;1;2010
2006;28/06/2009;27;6;2;2010;14;3;1;2010
2007;29/06/2009;27;6;2;2010;14;3;1;2010
2008;30/06/2009;27;7;3;2010;14;3;1;2010
2009;01/07/2009;27;7;3;2010;14;4;2;2010
2010;02/07/2009;27;7;3;2010;14;4;2;2010
2011;03/07/2009;28;7;3;2010;14;4;2;2010
2012;04/07/2009;28;7;3;2010;15;4;2;2010
2013;05/07/2009;28;7;3;2010;15;4;2;2010
2014;06/07/2009;28;7;3;2010;15;4;2;2010
2015;07/07/2009;28;7;3;2010;15;4;2;2010
2016;08/07/2009;28;7;3;2010;15;4;2;2010
2017;09/07/2009;28;7;3;2010;15;4;2;2010
2018;10/07/2009;29;7;3;2010;15;4;2;2010
2019;11/07/2009;29;7;3;2010;16;4;2;2010
2020;12/07/2009;29;7;3;2010;16;4;2;2010
2021;13/07/2009;29;7;3;2010;16;4;2;2010
2022;14/07/2009;29;7;3;2010;16;4;2;2010
2023;15/07/2009;29;7;3;2010;16;4;2;2010
2024;16/07/2009;29;7;3;2010;16;4;2;2010
2025;17/07/2009;30;7;3;2010;16;4;2;2010
2026;18/07/2009;30;7;3;2010;17;4;2;2010
2027;19/07/2009;30;7;3;2010;17;4;2;2010
2028;20/07/2009;30;7;3;2010;17;4;2;2010
2029;21/07/2009;30;7;3;2010;17;4;2;2010
2030;22/07/2009;30;7;3;2010;17;4;2;2010
2031;23/07/2009;30;7;3;2010;17;4;2;2010
2032;24/07/2009;31;7;3;2010;17;4;2;2010
2033;25/07/2009;31;7;3;2010;18;4;2;2010
2034;26/07/2009;31;7;3;2010;18;4;2;2010
2035;27/07/2009;31;7;3;2010;18;4;2;2010
2036;28/07/2009;31;7;3;2010;18;4;2;2010
2037;29/07/2009;31;7;3;2010;18;4;2;2010
2038;30/07/2009;31;7;3;2010;18;4;2;2010
2039;31/07/2009;32;8;3;2010;18;5;2;2010
2040;01/08/2009;32;8;3;2010;19;5;2;2010
2041;02/08/2009;32;8;3;2010;19;5;2;2010
2042;03/08/2009;32;8;3;2010;19;5;2;2010
2043;04/08/2009;32;8;3;2010;19;5;2;2010
2044;05/08/2009;32;8;3;2010;19;5;2;2010
2045;06/08/2009;32;8;3;2010;19;5;2;2010
2046;07/08/2009;33;8;3;2010;19;5;2;2010
2047;08/08/2009;33;8;3;2010;20;5;2;2010
2048;09/08/2009;33;8;3;2010;20;5;2;2010
2049;10/08/2009;33;8;3;2010;20;5;2;2010
2050;11/08/2009;33;8;3;2010;20;5;2;2010
2051;12/08/2009;33;8;3;2010;20;5;2;2010
2052;13/08/2009;33;8;3;2010;20;5;2;2010
2053;14/08/2009;34;8;3;2010;20;5;2;2010
2054;15/08/2009;34;8;3;2010;21;5;2;2010
2055;16/08/2009;34;8;3;2010;21;5;2;2010
2056;17/08/2009;34;8;3;2010;21;5;2;2010
2057;18/08/2009;34;8;3;2010;21;5;2;2010
2058;19/08/2009;34;8;3;2010;21;5;2;2010
2059;20/08/2009;34;8;3;2010;21;5;2;2010
2060;21/08/2009;35;8;3;2010;21;5;2;2010
2061;22/08/2009;35;8;3;2010;22;5;2;2010
2062;23/08/2009;35;8;3;2010;22;5;2;2010
2063;24/08/2009;35;8;3;2010;22;5;2;2010
2064;25/08/2009;35;8;3;2010;22;5;2;2010
2065;26/08/2009;35;8;3;2010;22;5;2;2010
2066;27/08/2009;35;8;3;2010;22;5;2;2010
2067;28/08/2009;36;8;3;2010;22;5;2;2010
2068;29/08/2009;36;8;3;2010;23;5;2;2010
2069;30/08/2009;36;8;3;2010;23;5;2;2010
2070;31/08/2009;36;9;3;2010;23;6;2;2010
2071;01/09/2009;36;9;3;2010;23;6;2;2010
2072;02/09/2009;36;9;3;2010;23;6;2;2010
2073;03/09/2009;36;9;3;2010;23;6;2;2010
2074;04/09/2009;37;9;3;2010;23;6;2;2010
2075;05/09/2009;37;9;3;2010;24;6;2;2010
2076;06/09/2009;37;9;3;2010;24;6;2;2010
2077;07/09/2009;37;9;3;2010;24;6;2;2010
2078;08/09/2009;37;9;3;2010;24;6;2;2010
2079;09/09/2009;37;9;3;2010;24;6;2;2010
2080;10/09/2009;37;9;3;2010;24;6;2;2010
2081;11/09/2009;38;9;3;2010;24;6;2;2010
2082;12/09/2009;38;9;3;2010;25;6;2;2010
2083;13/09/2009;38;9;3;2010;25;6;2;2010
2084;14/09/2009;38;9;3;2010;25;6;2;2010
2085;15/09/2009;38;9;3;2010;25;6;2;2010
2086;16/09/2009;38;9;3;2010;25;6;2;2010
2087;17/09/2009;38;9;3;2010;25;6;2;2010
2088;18/09/2009;39;9;3;2010;25;6;2;2010
2089;19/09/2009;39;9;3;2010;26;6;2;2010
2090;20/09/2009;39;9;3;2010;26;6;2;2010
2091;21/09/2009;39;9;3;2010;26;6;2;2010
2092;22/09/2009;39;9;3;2010;26;6;2;2010
2093;23/09/2009;39;9;3;2010;26;6;2;2010
2094;24/09/2009;39;9;3;2010;26;6;2;2010
2095;25/09/2009;40;9;3;2010;26;6;2;2010
2096;26/09/2009;40;9;3;2010;27;6;2;2010
2097;27/09/2009;40;9;3;2010;27;6;2;2010
2098;28/09/2009;40;9;3;2010;27;6;2;2010
2099;29/09/2009;40;9;3;2010;27;6;2;2010
2100;30/09/2009;40;10;4;2010;27;7;3;2010
2101;01/10/2009;40;10;4;2010;27;7;3;2010
2102;02/10/2009;41;10;4;2010;27;7;3;2010
2103;03/10/2009;41;10;4;2010;28;7;3;2010
2104;04/10/2009;41;10;4;2010;28;7;3;2010
2105;05/10/2009;41;10;4;2010;28;7;3;2010
2106;06/10/2009;41;10;4;2010;28;7;3;2010
2107;07/10/2009;41;10;4;2010;28;7;3;2010
2108;08/10/2009;41;10;4;2010;28;7;3;2010
2109;09/10/2009;42;10;4;2010;28;7;3;2010
2110;10/10/2009;42;10;4;2010;29;7;3;2010
2111;11/10/2009;42;10;4;2010;29;7;3;2010
2112;12/10/2009;42;10;4;2010;29;7;3;2010
2113;13/10/2009;42;10;4;2010;29;7;3;2010
2114;14/10/2009;42;10;4;2010;29;7;3;2010
2115;15/10/2009;42;10;4;2010;29;7;3;2010
2116;16/10/2009;43;10;4;2010;29;7;3;2010
2117;17/10/2009;43;10;4;2010;30;7;3;2010
2118;18/10/2009;43;10;4;2010;30;7;3;2010
2119;19/10/2009;43;10;4;2010;30;7;3;2010
2120;20/10/2009;43;10;4;2010;30;7;3;2010
2121;21/10/2009;43;10;4;2010;30;7;3;2010
2122;22/10/2009;43;10;4;2010;30;7;3;2010
2123;23/10/2009;44;10;4;2010;30;7;3;2010
2124;24/10/2009;44;10;4;2010;31;7;3;2010
2125;25/10/2009;44;10;4;2010;31;7;3;2010
2126;26/10/2009;44;10;4;2010;31;7;3;2010
2127;27/10/2009;44;10;4;2010;31;7;3;2010
2128;28/10/2009;44;10;4;2010;31;7;3;2010
2129;29/10/2009;44;10;4;2010;31;7;3;2010
2130;30/10/2009;45;10;4;2010;31;7;3;2010
2131;31/10/2009;45;11;4;2010;32;8;3;2010
2132;01/11/2009;45;11;4;2010;32;8;3;2010
2133;02/11/2009;45;11;4;2010;32;8;3;2010
2134;03/11/2009;45;11;4;2010;32;8;3;2010
2135;04/11/2009;45;11;4;2010;32;8;3;2010
2136;05/11/2009;45;11;4;2010;32;8;3;2010
2137;06/11/2009;46;11;4;2010;32;8;3;2010
2138;07/11/2009;46;11;4;2010;33;8;3;2010
2139;08/11/2009;46;11;4;2010;33;8;3;2010
2140;09/11/2009;46;11;4;2010;33;8;3;2010
2141;10/11/2009;46;11;4;2010;33;8;3;2010
2142;11/11/2009;46;11;4;2010;33;8;3;2010
2143;12/11/2009;46;11;4;2010;33;8;3;2010
2144;13/11/2009;47;11;4;2010;33;8;3;2010
2145;14/11/2009;47;11;4;2010;34;8;3;2010
2146;15/11/2009;47;11;4;2010;34;8;3;2010
2147;16/11/2009;47;11;4;2010;34;8;3;2010
2148;17/11/2009;47;11;4;2010;34;8;3;2010
2149;18/11/2009;47;11;4;2010;34;8;3;2010
2150;19/11/2009;47;11;4;2010;34;8;3;2010
2151;20/11/2009;48;11;4;2010;34;8;3;2010
2152;21/11/2009;48;11;4;2010;35;8;3;2010
2153;22/11/2009;48;11;4;2010;35;8;3;2010
2154;23/11/2009;48;11;4;2010;35;8;3;2010
2155;24/11/2009;48;11;4;2010;35;8;3;2010
2156;25/11/2009;48;11;4;2010;35;8;3;2010
2157;26/11/2009;48;11;4;2010;35;8;3;2010
2158;27/11/2009;49;11;4;2010;35;8;3;2010
2159;28/11/2009;49;11;4;2010;36;8;3;2010
2160;29/11/2009;49;11;4;2010;36;8;3;2010
2161;30/11/2009;49;12;4;2010;36;8;3;2010
2162;01/12/2009;49;12;4;2010;36;9;3;2010
2163;02/12/2009;49;12;4;2010;36;9;3;2010
2164;03/12/2009;49;12;4;2010;36;9;3;2010
2165;04/12/2009;50;12;4;2010;36;9;3;2010
2166;05/12/2009;50;12;4;2010;37;9;3;2010
2167;06/12/2009;50;12;4;2010;37;9;3;2010
2168;07/12/2009;50;12;4;2010;37;9;3;2010
2169;08/12/2009;50;12;4;2010;37;9;3;2010
2170;09/12/2009;50;12;4;2010;37;9;3;2010
2171;10/12/2009;50;12;4;2010;37;9;3;2010
2172;11/12/2009;51;12;4;2010;37;9;3;2010
2173;12/12/2009;51;12;4;2010;38;9;3;2010
2174;13/12/2009;51;12;4;2010;38;9;3;2010
2175;14/12/2009;51;12;4;2010;38;9;3;2010
2176;15/12/2009;51;12;4;2010;38;9;3;2010
2177;16/12/2009;51;12;4;2010;38;9;3;2010
2178;17/12/2009;51;12;4;2010;38;9;3;2010
2179;18/12/2009;52;12;4;2010;38;9;3;2010
2180;19/12/2009;52;12;4;2010;39;9;3;2010
2181;20/12/2009;52;12;4;2010;39;9;3;2010
2182;21/12/2009;52;12;4;2010;39;9;3;2010
2183;22/12/2009;52;12;4;2010;39;9;3;2010
2184;23/12/2009;52;12;4;2010;39;9;3;2010
2185;24/12/2009;52;12;4;2010;39;9;3;2010
2186;25/12/2009;53;12;4;2010;39;9;3;2010
2187;26/12/2009;53;12;4;2010;40;9;3;2010
2188;27/12/2009;53;12;4;2010;40;9;3;2010
2189;28/12/2009;53;12;4;2010;40;9;3;2010
2190;29/12/2009;53;12;4;2010;40;9;3;2010
2191;30/12/2009;53;12;4;2010;40;9;3;2010
2192;31/12/2009;1;1;1;2011;40;10;4;2010
2193;01/01/2010;2;1;1;2011;40;10;4;2010
2194;02/01/2010;2;1;1;2011;41;10;4;2010
2195;03/01/2010;2;1;1;2011;41;10;4;2010
2196;04/01/2010;2;1;1;2011;41;10;4;2010
2197;05/01/2010;2;1;1;2011;41;10;4;2010
2198;06/01/2010;2;1;1;2011;41;10;4;2010
2199;07/01/2010;2;1;1;2011;41;10;4;2010
2200;08/01/2010;3;1;1;2011;41;10;4;2010
2201;09/01/2010;3;1;1;2011;42;10;4;2010
2202;10/01/2010;3;1;1;2011;42;10;4;2010
2203;11/01/2010;3;1;1;2011;42;10;4;2010
2204;12/01/2010;3;1;1;2011;42;10;4;2010
2205;13/01/2010;3;1;1;2011;42;10;4;2010
2206;14/01/2010;3;1;1;2011;42;10;4;2010
2207;15/01/2010;4;1;1;2011;42;10;4;2010
2208;16/01/2010;4;1;1;2011;43;10;4;2010
2209;17/01/2010;4;1;1;2011;43;10;4;2010
2210;18/01/2010;4;1;1;2011;43;10;4;2010
2211;19/01/2010;4;1;1;2011;43;10;4;2010
2212;20/01/2010;4;1;1;2011;43;10;4;2010
2213;21/01/2010;4;1;1;2011;43;10;4;2010
2214;22/01/2010;5;1;1;2011;43;10;4;2010
2215;23/01/2010;5;1;1;2011;44;10;4;2010
2216;24/01/2010;5;1;1;2011;44;10;4;2010
2217;25/01/2010;5;1;1;2011;44;10;4;2010
2218;26/01/2010;5;1;1;2011;44;10;4;2010
2219;27/01/2010;5;1;1;2011;44;10;4;2010
2220;28/01/2010;5;1;1;2011;44;10;4;2010
2221;29/01/2010;6;1;1;2011;44;10;4;2010
2222;30/01/2010;6;1;1;2011;45;10;4;2010
2223;31/01/2010;6;2;1;2011;45;11;4;2010
2224;01/02/2010;6;2;1;2011;45;11;4;2010
2225;02/02/2010;6;2;1;2011;45;11;4;2010
2226;03/02/2010;6;2;1;2011;45;11;4;2010
2227;04/02/2010;6;2;1;2011;45;11;4;2010
2228;05/02/2010;7;2;1;2011;45;11;4;2010
2229;06/02/2010;7;2;1;2011;46;11;4;2010
2230;07/02/2010;7;2;1;2011;46;11;4;2010
2231;08/02/2010;7;2;1;2011;46;11;4;2010
2232;09/02/2010;7;2;1;2011;46;11;4;2010
2233;10/02/2010;7;2;1;2011;46;11;4;2010
2234;11/02/2010;7;2;1;2011;46;11;4;2010
2235;12/02/2010;8;2;1;2011;46;11;4;2010
2236;13/02/2010;8;2;1;2011;47;11;4;2010
2237;14/02/2010;8;2;1;2011;47;11;4;2010
2238;15/02/2010;8;2;1;2011;47;11;4;2010
2239;16/02/2010;8;2;1;2011;47;11;4;2010
2240;17/02/2010;8;2;1;2011;47;11;4;2010
2241;18/02/2010;8;2;1;2011;47;11;4;2010
2242;19/02/2010;9;2;1;2011;47;11;4;2010
2243;20/02/2010;9;2;1;2011;48;11;4;2010
2244;21/02/2010;9;2;1;2011;48;11;4;2010
2245;22/02/2010;9;2;1;2011;48;11;4;2010
2246;23/02/2010;9;2;1;2011;48;11;4;2010
2247;24/02/2010;9;2;1;2011;48;11;4;2010
2248;25/02/2010;9;2;1;2011;48;11;4;2010
2249;26/02/2010;10;2;1;2011;48;11;4;2010
2250;27/02/2010;10;2;1;2011;49;11;4;2010
2251;28/02/2010;10;3;1;2011;49;11;4;2010
2252;01/03/2010;10;3;1;2011;49;11;4;2010
2253;02/03/2010;10;3;1;2011;49;12;4;2010
2254;03/03/2010;10;3;1;2011;49;12;4;2010
2255;04/03/2010;10;3;1;2011;49;12;4;2010
2256;05/03/2010;11;3;1;2011;49;12;4;2010
2257;06/03/2010;11;3;1;2011;50;12;4;2010
2258;07/03/2010;11;3;1;2011;50;12;4;2010
2259;08/03/2010;11;3;1;2011;50;12;4;2010
2260;09/03/2010;11;3;1;2011;50;12;4;2010
2261;10/03/2010;11;3;1;2011;50;12;4;2010
2262;11/03/2010;11;3;1;2011;50;12;4;2010
2263;12/03/2010;12;3;1;2011;50;12;4;2010
2264;13/03/2010;12;3;1;2011;51;12;4;2010
2265;14/03/2010;12;3;1;2011;51;12;4;2010
2266;15/03/2010;12;3;1;2011;51;12;4;2010
2267;16/03/2010;12;3;1;2011;51;12;4;2010
2268;17/03/2010;12;3;1;2011;51;12;4;2010
2269;18/03/2010;12;3;1;2011;51;12;4;2010
2270;19/03/2010;13;3;1;2011;51;12;4;2010
2271;20/03/2010;13;3;1;2011;52;12;4;2010
2272;21/03/2010;13;3;1;2011;52;12;4;2010
2273;22/03/2010;13;3;1;2011;52;12;4;2010
2274;23/03/2010;13;3;1;2011;52;12;4;2010
2275;24/03/2010;13;3;1;2011;52;12;4;2010
2276;25/03/2010;13;3;1;2011;52;12;4;2010
2277;26/03/2010;14;3;1;2011;52;12;4;2010
2278;27/03/2010;14;3;1;2011;53;12;4;2010
2279;28/03/2010;14;3;1;2011;53;12;4;2010
2280;29/03/2010;14;3;1;2011;53;12;4;2010
2281;30/03/2010;14;3;1;2011;53;12;4;2010
2282;31/03/2010;14;4;2;2011;53;12;4;2010
2283;01/04/2010;14;4;2;2011;53;12;4;2010
2284;02/04/2010;15;4;2;2011;1;1;1;2011
2285;03/04/2010;15;4;2;2011;2;1;1;2011
2286;04/04/2010;15;4;2;2011;2;1;1;2011
2287;05/04/2010;15;4;2;2011;2;1;1;2011
2288;06/04/2010;15;4;2;2011;2;1;1;2011
2289;07/04/2010;15;4;2;2011;2;1;1;2011
2290;08/04/2010;15;4;2;2011;2;1;1;2011
2291;09/04/2010;16;4;2;2011;2;1;1;2011
2292;10/04/2010;16;4;2;2011;3;1;1;2011
2293;11/04/2010;16;4;2;2011;3;1;1;2011
2294;12/04/2010;16;4;2;2011;3;1;1;2011
2295;13/04/2010;16;4;2;2011;3;1;1;2011
2296;14/04/2010;16;4;2;2011;3;1;1;2011
2297;15/04/2010;16;4;2;2011;3;1;1;2011
2298;16/04/2010;17;4;2;2011;3;1;1;2011
2299;17/04/2010;17;4;2;2011;4;1;1;2011
2300;18/04/2010;17;4;2;2011;4;1;1;2011
2301;19/04/2010;17;4;2;2011;4;1;1;2011
2302;20/04/2010;17;4;2;2011;4;1;1;2011
2303;21/04/2010;17;4;2;2011;4;1;1;2011
2304;22/04/2010;17;4;2;2011;4;1;1;2011
2305;23/04/2010;18;4;2;2011;4;1;1;2011
2306;24/04/2010;18;4;2;2011;5;1;1;2011
2307;25/04/2010;18;4;2;2011;5;1;1;2011
2308;26/04/2010;18;4;2;2011;5;1;1;2011
2309;27/04/2010;18;4;2;2011;5;1;1;2011
2310;28/04/2010;18;4;2;2011;5;1;1;2011
2311;29/04/2010;18;4;2;2011;5;1;1;2011
2312;30/04/2010;19;5;2;2011;5;1;1;2011
2313;01/05/2010;19;5;2;2011;6;1;1;2011
2314;02/05/2010;19;5;2;2011;6;1;1;2011
2315;03/05/2010;19;5;2;2011;6;2;1;2011
2316;04/05/2010;19;5;2;2011;6;2;1;2011
2317;05/05/2010;19;5;2;2011;6;2;1;2011
2318;06/05/2010;19;5;2;2011;6;2;1;2011
2319;07/05/2010;20;5;2;2011;6;2;1;2011
2320;08/05/2010;20;5;2;2011;7;2;1;2011
2321;09/05/2010;20;5;2;2011;7;2;1;2011
2322;10/05/2010;20;5;2;2011;7;2;1;2011
2323;11/05/2010;20;5;2;2011;7;2;1;2011
2324;12/05/2010;20;5;2;2011;7;2;1;2011
2325;13/05/2010;20;5;2;2011;7;2;1;2011
2326;14/05/2010;21;5;2;2011;7;2;1;2011
2327;15/05/2010;21;5;2;2011;8;2;1;2011
2328;16/05/2010;21;5;2;2011;8;2;1;2011
2329;17/05/2010;21;5;2;2011;8;2;1;2011
2330;18/05/2010;21;5;2;2011;8;2;1;2011
2331;19/05/2010;21;5;2;2011;8;2;1;2011
2332;20/05/2010;21;5;2;2011;8;2;1;2011
2333;21/05/2010;22;5;2;2011;8;2;1;2011
2334;22/05/2010;22;5;2;2011;9;2;1;2011
2335;23/05/2010;22;5;2;2011;9;2;1;2011
2336;24/05/2010;22;5;2;2011;9;2;1;2011
2337;25/05/2010;22;5;2;2011;9;2;1;2011
2338;26/05/2010;22;5;2;2011;9;2;1;2011
2339;27/05/2010;22;5;2;2011;9;2;1;2011
2340;28/05/2010;23;5;2;2011;9;2;1;2011
2341;29/05/2010;23;5;2;2011;10;2;1;2011
2342;30/05/2010;23;5;2;2011;10;2;1;2011
2343;31/05/2010;23;6;2;2011;10;3;1;2011
2344;01/06/2010;23;6;2;2011;10;3;1;2011
2345;02/06/2010;23;6;2;2011;10;3;1;2011
2346;03/06/2010;23;6;2;2011;10;3;1;2011
2347;04/06/2010;24;6;2;2011;10;3;1;2011
2348;05/06/2010;24;6;2;2011;11;3;1;2011
2349;06/06/2010;24;6;2;2011;11;3;1;2011
2350;07/06/2010;24;6;2;2011;11;3;1;2011
2351;08/06/2010;24;6;2;2011;11;3;1;2011
2352;09/06/2010;24;6;2;2011;11;3;1;2011
2353;10/06/2010;24;6;2;2011;11;3;1;2011
2354;11/06/2010;25;6;2;2011;11;3;1;2011
2355;12/06/2010;25;6;2;2011;12;3;1;2011
2356;13/06/2010;25;6;2;2011;12;3;1;2011
2357;14/06/2010;25;6;2;2011;12;3;1;2011
2358;15/06/2010;25;6;2;2011;12;3;1;2011
2359;16/06/2010;25;6;2;2011;12;3;1;2011
2360;17/06/2010;25;6;2;2011;12;3;1;2011
2361;18/06/2010;26;6;2;2011;12;3;1;2011
2362;19/06/2010;26;6;2;2011;13;3;1;2011
2363;20/06/2010;26;6;2;2011;13;3;1;2011
2364;21/06/2010;26;6;2;2011;13;3;1;2011
2365;22/06/2010;26;6;2;2011;13;3;1;2011
2366;23/06/2010;26;6;2;2011;13;3;1;2011
2367;24/06/2010;26;6;2;2011;13;3;1;2011
2368;25/06/2010;27;6;2;2011;13;3;1;2011
2369;26/06/2010;27;6;2;2011;14;3;1;2011
2370;27/06/2010;27;6;2;2011;14;3;1;2011
2371;28/06/2010;27;6;2;2011;14;3;1;2011
2372;29/06/2010;27;6;2;2011;14;3;1;2011
2373;30/06/2010;27;7;3;2011;14;3;1;2011
2374;01/07/2010;27;7;3;2011;14;4;2;2011
2375;02/07/2010;28;7;3;2011;14;4;2;2011
2376;03/07/2010;28;7;3;2011;15;4;2;2011
2377;04/07/2010;28;7;3;2011;15;4;2;2011
2378;05/07/2010;28;7;3;2011;15;4;2;2011
2379;06/07/2010;28;7;3;2011;15;4;2;2011
2380;07/07/2010;28;7;3;2011;15;4;2;2011
2381;08/07/2010;28;7;3;2011;15;4;2;2011
2382;09/07/2010;29;7;3;2011;15;4;2;2011
2383;10/07/2010;29;7;3;2011;16;4;2;2011
2384;11/07/2010;29;7;3;2011;16;4;2;2011
2385;12/07/2010;29;7;3;2011;16;4;2;2011
2386;13/07/2010;29;7;3;2011;16;4;2;2011
2387;14/07/2010;29;7;3;2011;16;4;2;2011
2388;15/07/2010;29;7;3;2011;16;4;2;2011
2389;16/07/2010;30;7;3;2011;16;4;2;2011
2390;17/07/2010;30;7;3;2011;17;4;2;2011
2391;18/07/2010;30;7;3;2011;17;4;2;2011
2392;19/07/2010;30;7;3;2011;17;4;2;2011
2393;20/07/2010;30;7;3;2011;17;4;2;2011
2394;21/07/2010;30;7;3;2011;17;4;2;2011
2395;22/07/2010;30;7;3;2011;17;4;2;2011
2396;23/07/2010;31;7;3;2011;17;4;2;2011
2397;24/07/2010;31;7;3;2011;18;4;2;2011
2398;25/07/2010;31;7;3;2011;18;4;2;2011
2399;26/07/2010;31;7;3;2011;18;4;2;2011
2400;27/07/2010;31;7;3;2011;18;4;2;2011
2401;28/07/2010;31;7;3;2011;18;4;2;2011
2402;29/07/2010;31;7;3;2011;18;4;2;2011
2403;30/07/2010;32;7;3;2011;18;4;2;2011
2404;31/07/2010;32;8;3;2011;19;5;2;2011
2405;01/08/2010;32;8;3;2011;19;5;2;2011
2406;02/08/2010;32;8;3;2011;19;5;2;2011
2407;03/08/2010;32;8;3;2011;19;5;2;2011
2408;04/08/2010;32;8;3;2011;19;5;2;2011
2409;05/08/2010;32;8;3;2011;19;5;2;2011
2410;06/08/2010;33;8;3;2011;19;5;2;2011
2411;07/08/2010;33;8;3;2011;20;5;2;2011
2412;08/08/2010;33;8;3;2011;20;5;2;2011
2413;09/08/2010;33;8;3;2011;20;5;2;2011
2414;10/08/2010;33;8;3;2011;20;5;2;2011
2415;11/08/2010;33;8;3;2011;20;5;2;2011
2416;12/08/2010;33;8;3;2011;20;5;2;2011
2417;13/08/2010;34;8;3;2011;20;5;2;2011
2418;14/08/2010;34;8;3;2011;21;5;2;2011
2419;15/08/2010;34;8;3;2011;21;5;2;2011
2420;16/08/2010;34;8;3;2011;21;5;2;2011
2421;17/08/2010;34;8;3;2011;21;5;2;2011
2422;18/08/2010;34;8;3;2011;21;5;2;2011
2423;19/08/2010;34;8;3;2011;21;5;2;2011
2424;20/08/2010;35;8;3;2011;21;5;2;2011
2425;21/08/2010;35;8;3;2011;22;5;2;2011
2426;22/08/2010;35;8;3;2011;22;5;2;2011
2427;23/08/2010;35;8;3;2011;22;5;2;2011
2428;24/08/2010;35;8;3;2011;22;5;2;2011
2429;25/08/2010;35;8;3;2011;22;5;2;2011
2430;26/08/2010;35;8;3;2011;22;5;2;2011
2431;27/08/2010;36;8;3;2011;22;5;2;2011
2432;28/08/2010;36;8;3;2011;23;5;2;2011
2433;29/08/2010;36;8;3;2011;23;5;2;2011
2434;30/08/2010;36;8;3;2011;23;5;2;2011
2435;31/08/2010;36;9;3;2011;23;6;2;2011
2436;01/09/2010;36;9;3;2011;23;6;2;2011
2437;02/09/2010;36;9;3;2011;23;6;2;2011
2438;03/09/2010;37;9;3;2011;23;6;2;2011
2439;04/09/2010;37;9;3;2011;24;6;2;2011
2440;05/09/2010;37;9;3;2011;24;6;2;2011
2441;06/09/2010;37;9;3;2011;24;6;2;2011
2442;07/09/2010;37;9;3;2011;24;6;2;2011
2443;08/09/2010;37;9;3;2011;24;6;2;2011
2444;09/09/2010;37;9;3;2011;24;6;2;2011
2445;10/09/2010;38;9;3;2011;24;6;2;2011
2446;11/09/2010;38;9;3;2011;25;6;2;2011
2447;12/09/2010;38;9;3;2011;25;6;2;2011
2448;13/09/2010;38;9;3;2011;25;6;2;2011
2449;14/09/2010;38;9;3;2011;25;6;2;2011
2450;15/09/2010;38;9;3;2011;25;6;2;2011
2451;16/09/2010;38;9;3;2011;25;6;2;2011
2452;17/09/2010;39;9;3;2011;25;6;2;2011
2453;18/09/2010;39;9;3;2011;26;6;2;2011
2454;19/09/2010;39;9;3;2011;26;6;2;2011
2455;20/09/2010;39;9;3;2011;26;6;2;2011
2456;21/09/2010;39;9;3;2011;26;6;2;2011
2457;22/09/2010;39;9;3;2011;26;6;2;2011
2458;23/09/2010;39;9;3;2011;26;6;2;2011
2459;24/09/2010;40;9;3;2011;26;6;2;2011
2460;25/09/2010;40;9;3;2011;27;6;2;2011
2461;26/09/2010;40;9;3;2011;27;6;2;2011
2462;27/09/2010;40;9;3;2011;27;6;2;2011
2463;28/09/2010;40;9;3;2011;27;6;2;2011
2464;29/09/2010;40;9;3;2011;27;6;2;2011
2465;30/09/2010;40;10;4;2011;27;7;3;2011
2466;01/10/2010;41;10;4;2011;27;7;3;2011
2467;02/10/2010;41;10;4;2011;28;7;3;2011
2468;03/10/2010;41;10;4;2011;28;7;3;2011
2469;04/10/2010;41;10;4;2011;28;7;3;2011
2470;05/10/2010;41;10;4;2011;28;7;3;2011
2471;06/10/2010;41;10;4;2011;28;7;3;2011
2472;07/10/2010;41;10;4;2011;28;7;3;2011
2473;08/10/2010;42;10;4;2011;28;7;3;2011
2474;09/10/2010;42;10;4;2011;29;7;3;2011
2475;10/10/2010;42;10;4;2011;29;7;3;2011
2476;11/10/2010;42;10;4;2011;29;7;3;2011
2477;12/10/2010;42;10;4;2011;29;7;3;2011
2478;13/10/2010;42;10;4;2011;29;7;3;2011
2479;14/10/2010;42;10;4;2011;29;7;3;2011
2480;15/10/2010;43;10;4;2011;29;7;3;2011
2481;16/10/2010;43;10;4;2011;30;7;3;2011
2482;17/10/2010;43;10;4;2011;30;7;3;2011
2483;18/10/2010;43;10;4;2011;30;7;3;2011
2484;19/10/2010;43;10;4;2011;30;7;3;2011
2485;20/10/2010;43;10;4;2011;30;7;3;2011
2486;21/10/2010;43;10;4;2011;30;7;3;2011
2487;22/10/2010;44;10;4;2011;30;7;3;2011
2488;23/10/2010;44;10;4;2011;31;7;3;2011
2489;24/10/2010;44;10;4;2011;31;7;3;2011
2490;25/10/2010;44;10;4;2011;31;7;3;2011
2491;26/10/2010;44;10;4;2011;31;7;3;2011
2492;27/10/2010;44;10;4;2011;31;7;3;2011
2493;28/10/2010;44;10;4;2011;31;7;3;2011
2494;29/10/2010;45;10;4;2011;31;7;3;2011
2495;30/10/2010;45;10;4;2011;32;7;3;2011
2496;31/10/2010;45;11;4;2011;32;8;3;2011
2497;01/11/2010;45;11;4;2011;32;8;3;2011
2498;02/11/2010;45;11;4;2011;32;8;3;2011
2499;03/11/2010;45;11;4;2011;32;8;3;2011
2500;04/11/2010;45;11;4;2011;32;8;3;2011
2501;05/11/2010;46;11;4;2011;32;8;3;2011
2502;06/11/2010;46;11;4;2011;33;8;3;2011
2503;07/11/2010;46;11;4;2011;33;8;3;2011
2504;08/11/2010;46;11;4;2011;33;8;3;2011
2505;09/11/2010;46;11;4;2011;33;8;3;2011
2506;10/11/2010;46;11;4;2011;33;8;3;2011
2507;11/11/2010;46;11;4;2011;33;8;3;2011
2508;12/11/2010;47;11;4;2011;33;8;3;2011
2509;13/11/2010;47;11;4;2011;34;8;3;2011
2510;14/11/2010;47;11;4;2011;34;8;3;2011
2511;15/11/2010;47;11;4;2011;34;8;3;2011
2512;16/11/2010;47;11;4;2011;34;8;3;2011
2513;17/11/2010;47;11;4;2011;34;8;3;2011
2514;18/11/2010;47;11;4;2011;34;8;3;2011
2515;19/11/2010;48;11;4;2011;34;8;3;2011
2516;20/11/2010;48;11;4;2011;35;8;3;2011
2517;21/11/2010;48;11;4;2011;35;8;3;2011
2518;22/11/2010;48;11;4;2011;35;8;3;2011
2519;23/11/2010;48;11;4;2011;35;8;3;2011
2520;24/11/2010;48;11;4;2011;35;8;3;2011
2521;25/11/2010;48;11;4;2011;35;8;3;2011
2522;26/11/2010;49;11;4;2011;35;8;3;2011
2523;27/11/2010;49;11;4;2011;36;8;3;2011
2524;28/11/2010;49;11;4;2011;36;8;3;2011
2525;29/11/2010;49;11;4;2011;36;8;3;2011
2526;30/11/2010;49;12;4;2011;36;8;3;2011
2527;01/12/2010;49;12;4;2011;36;9;3;2011
2528;02/12/2010;49;12;4;2011;36;9;3;2011
2529;03/12/2010;50;12;4;2011;36;9;3;2011
2530;04/12/2010;50;12;4;2011;37;9;3;2011
2531;05/12/2010;50;12;4;2011;37;9;3;2011
2532;06/12/2010;50;12;4;2011;37;9;3;2011
2533;07/12/2010;50;12;4;2011;37;9;3;2011
2534;08/12/2010;50;12;4;2011;37;9;3;2011
2535;09/12/2010;50;12;4;2011;37;9;3;2011
2536;10/12/2010;51;12;4;2011;37;9;3;2011
2537;11/12/2010;51;12;4;2011;38;9;3;2011
2538;12/12/2010;51;12;4;2011;38;9;3;2011
2539;13/12/2010;51;12;4;2011;38;9;3;2011
2540;14/12/2010;51;12;4;2011;38;9;3;2011
2541;15/12/2010;51;12;4;2011;38;9;3;2011
2542;16/12/2010;51;12;4;2011;38;9;3;2011
2543;17/12/2010;52;12;4;2011;38;9;3;2011
2544;18/12/2010;52;12;4;2011;39;9;3;2011
2545;19/12/2010;52;12;4;2011;39;9;3;2011
2546;20/12/2010;52;12;4;2011;39;9;3;2011
2547;21/12/2010;52;12;4;2011;39;9;3;2011
2548;22/12/2010;52;12;4;2011;39;9;3;2011
2549;23/12/2010;52;12;4;2011;39;9;3;2011
2550;24/12/2010;53;12;4;2011;39;9;3;2011
2551;25/12/2010;53;12;4;2011;40;9;3;2011
2552;26/12/2010;53;12;4;2011;40;9;3;2011
2553;27/12/2010;53;12;4;2011;40;9;3;2011
2554;28/12/2010;53;12;4;2011;40;9;3;2011
2555;29/12/2010;53;12;4;2011;40;9;3;2011
2556;30/12/2010;53;12;4;2011;40;9;3;2011
